A,T,rl_no_obs,smc_no_obs,rl_obs,smc_obs
0.17453292519943295,3.0,-11.350292430526434,0.0,-0.6178353629798935,0.0
0.17453292519943295,3.2142857142857144,-9.767046609499378,0.0,-0.4963823397979765,0.0
0.17453292519943295,3.4285714285714284,-10.440719471147478,0.0,-0.39968705316288805,0.0
0.17453292519943295,3.642857142857143,-9.923691444073015,0.0,-0.36270393376766336,0.0
0.17453292519943295,3.857142857142857,-8.564084295810739,0.0,-0.42650916184770116,0.0
0.17453292519943295,4.071428571428571,-9.464781000481842,0.0,-0.4341038071046205,0.0
0.17453292519943295,4.285714285714286,-12.203862099319654,0.0,-0.4449754955363449,0.0
0.17453292519943295,4.5,-9.635087521609478,0.0,-0.45532900160238654,0.0
0.17453292519943295,4.714285714285714,-10.798329473691716,0.0,-0.4619772833794123,0.0
0.17453292519943295,4.928571428571429,-10.736846789302975,0.0,-0.41852479519574487,0.0
0.17453292519943295,5.142857142857142,-9.875782385839084,0.0,-0.40590599256354815,0.0
0.17453292519943295,5.357142857142858,-10.62109049068733,0.0,-0.41844942475308694,0.0
0.17453292519943295,5.571428571428571,-11.633641550246704,0.0,-0.4131257557183382,0.0
0.17453292519943295,5.785714285714286,-9.449576174270655,0.0,-0.4168029618841861,0.0
0.17453292519943295,6.0,-12.146991606843166,0.0,-0.4222352850833887,0.0
0.19234240736264038,3.0,-7.7123739469546155,0.0,-0.6522092294338195,0.0
0.19234240736264038,3.2142857142857144,-8.735381091170023,0.0,-0.5096538323122368,0.0
0.19234240736264038,3.4285714285714284,-10.048781261324198,0.0,-0.42091938652244987,0.0
0.19234240736264038,3.642857142857143,-13.64841594934149,0.0,-0.3943693840811225,0.0
0.19234240736264038,3.857142857142857,-8.769753184234677,0.0,-0.422992510535161,0.0
0.19234240736264038,4.071428571428571,-8.060457117973705,0.0,-0.4491830364270267,0.0
0.19234240736264038,4.285714285714286,-8.666226455088307,0.0,-0.44717303870311753,0.0
0.19234240736264038,4.5,-11.898389589233043,0.0,-0.47454565500888835,0.0
0.19234240736264038,4.714285714285714,-10.293730682855466,0.0,-0.46173293569364193,0.0
0.19234240736264038,4.928571428571429,-10.275810222250296,0.0,-0.4400325849872769,0.0
0.19234240736264038,5.142857142857142,-10.253418273364854,0.0,-0.4131021597359942,0.0
0.19234240736264038,5.357142857142858,-11.973019522242268,0.0,-0.40866699151049035,0.0
0.19234240736264038,5.571428571428571,-13.02415006516321,0.0,-0.41372653942813664,0.0
0.19234240736264038,5.785714285714286,-12.886368993552647,0.0,-0.4191038348028848,0.0
0.19234240736264038,6.0,-12.836679894797127,0.0,-0.3989096087948046,0.0
0.21015188952584785,3.0,-7.806057977191109,0.0,-0.6734578998717864,0.0
0.21015188952584785,3.2142857142857144,-8.629704642001025,0.0,-0.5119111752411002,0.0
0.21015188952584785,3.4285714285714284,-8.5625741777552,0.0,-0.4058151452702119,0.0
0.21015188952584785,3.642857142857143,-8.583242111055847,0.0,-0.3892443436068299,0.0
0.21015188952584785,3.857142857142857,-9.853392234781277,0.0,-0.43255869534167324,0.0
0.21015188952584785,4.071428571428571,-9.830218714831139,0.0,-0.4560299309876807,0.0
0.21015188952584785,4.285714285714286,-9.490960096523837,0.0,-0.4657845592762256,0.0
0.21015188952584785,4.5,-8.279739919490055,0.0,-0.45563089969087495,0.0
0.21015188952584785,4.714285714285714,-12.4309358921601,0.0,-0.4531462429286969,0.0
0.21015188952584785,4.928571428571429,-10.864703799630032,0.0,-0.45301331627864183,0.0
0.21015188952584785,5.142857142857142,-10.087597947108113,0.0,-0.43036389162731015,0.0
0.21015188952584785,5.357142857142858,-10.874292962530086,0.0,-0.4206168212113354,0.0
0.21015188952584785,5.571428571428571,-9.28467149816806,0.0,-0.3992735350108832,0.0
0.21015188952584785,5.785714285714286,-10.74546654158778,0.0,-0.4213968286662751,0.0
0.21015188952584785,6.0,-11.871235865794254,0.0,-0.41306689216169645,0.0
0.22796137168905528,3.0,-7.758349895461758,0.0,-0.7222448442838102,0.0
0.22796137168905528,3.2142857142857144,-9.214016240704925,0.0,-0.5613436737485142,0.0
0.22796137168905528,3.4285714285714284,-8.971879225151884,0.0,-0.43528882331474095,0.0
0.22796137168905528,3.642857142857143,-10.499168779442146,0.0,-0.41409803613531143,0.0
0.22796137168905528,3.857142857142857,-10.013340874338583,0.0,-0.45049094412962765,0.0
0.22796137168905528,4.071428571428571,-12.676274575509694,0.0,-0.48656644014887734,0.0
0.22796137168905528,4.285714285714286,-10.891759470720718,0.0,-0.5063892138939519,0.0
0.22796137168905528,4.5,-7.852731719993083,0.0,-0.48406968712913034,0.0
0.22796137168905528,4.714285714285714,-8.576765773941991,0.0,-0.46375881861163,0.0
0.22796137168905528,4.928571428571429,-9.458064390295622,0.0,-0.44660996899750816,0.0
0.22796137168905528,5.142857142857142,-8.843896934952117,0.0,-0.4316607694972057,0.0
0.22796137168905528,5.357142857142858,-10.240407230058155,0.0,-0.4239746123182393,0.0
0.22796137168905528,5.571428571428571,-11.252520839400765,0.0,-0.4047746636749645,0.0
0.22796137168905528,5.785714285714286,-9.30329618072706,0.0,-0.3894718537424286,0.0
0.22796137168905528,6.0,-9.916451261818144,0.0,-0.415824264129477,0.0
0.24577085385226272,3.0,-7.747485137337577,0.0,-0.7631573413446857,0.0
0.24577085385226272,3.2142857142857144,-9.227428544330541,0.0,-0.5761873659897679,0.0
0.24577085385226272,3.4285714285714284,-8.041411068471476,0.0,-0.4260120585514827,0.0
0.24577085385226272,3.642857142857143,-9.30558409939113,0.0,-0.42043558038921874,0.0
0.24577085385226272,3.857142857142857,-11.626344191299223,0.0,-0.4512160416418846,0.0
0.24577085385226272,4.071428571428571,-10.90363833482722,0.0,-0.49608673931751335,0.0
0.24577085385226272,4.285714285714286,-9.452120876245699,0.0,-0.5053169173055418,0.0
0.24577085385226272,4.5,-13.505337087953597,0.0,-0.49981921919610905,0.0
0.24577085385226272,4.714285714285714,-7.651479385447951,0.0,-0.4822762573237159,0.0
0.24577085385226272,4.928571428571429,-8.821243368027126,0.0,-0.4518798838866023,0.0
0.24577085385226272,5.142857142857142,-7.725637100384143,0.0,-0.44802339692179555,0.0
0.24577085385226272,5.357142857142858,-9.72560295941617,0.0,-0.4207207609394493,0.0
0.24577085385226272,5.571428571428571,-8.76889473735239,0.0,-0.3970311185432217,0.0
0.24577085385226272,5.785714285714286,-9.021601334094914,0.0,-0.41922690461826045,0.0
0.24577085385226272,6.0,-12.248779966888067,0.0,-0.4218027621816761,0.0
0.26358033601547015,3.0,-7.9996488013978615,0.0,-0.7982726737182202,0.0
0.26358033601547015,3.2142857142857144,-8.073911857738462,0.0,-0.5765367371795911,0.0
0.26358033601547015,3.4285714285714284,-9.638834335955401,0.0,-0.44801862977639056,0.0
0.26358033601547015,3.642857142857143,-11.034746748961897,0.0,-0.43860626791122237,0.0
0.26358033601547015,3.857142857142857,-8.78555553064401,0.0,-0.4736354797718451,0.0
0.26358033601547015,4.071428571428571,-10.342809383448762,0.0,-0.5525508413159999,0.0
0.26358033601547015,4.285714285714286,-11.43641655516835,0.0,-0.5278316923232552,0.0
0.26358033601547015,4.5,-8.006925230966528,0.0,-0.5395727021347166,0.0
0.26358033601547015,4.714285714285714,-10.507093428998806,0.0,-0.4864695719027323,0.0
0.26358033601547015,4.928571428571429,-11.631801408232509,0.0,-0.47701979997726374,0.0
0.26358033601547015,5.142857142857142,-9.651202437422215,0.0,-0.45625931357094046,0.0
0.26358033601547015,5.357142857142858,-11.925341026866182,0.0,-0.4121463734625453,0.0
0.26358033601547015,5.571428571428571,-12.372771120484854,0.0,-0.43892701033632203,0.0
0.26358033601547015,5.785714285714286,-9.77172653445462,0.0,-0.42142467180494586,0.0
0.26358033601547015,6.0,-10.606481665609744,0.0,-0.434410172751058,0.0
0.2813898181786776,3.0,-8.011503872152076,0.0,-0.8288296044948269,0.0
0.2813898181786776,3.2142857142857144,-9.198170668158703,0.0,-0.5947192181599417,0.0
0.2813898181786776,3.4285714285714284,-9.900184590895076,0.0,-0.455518009698956,0.0
0.2813898181786776,3.642857142857143,-11.101098351285666,0.0,-0.4334915245745897,0.0
0.2813898181786776,3.857142857142857,-9.934545017303684,0.0,-0.4954802960608275,0.0
0.2813898181786776,4.071428571428571,-7.783304266464964,0.0,-0.5650431638241393,0.0
0.2813898181786776,4.285714285714286,-9.749391612448123,0.0,-0.5473321414611003,0.0
0.2813898181786776,4.5,-9.615147210136234,0.0,-0.5478121447462877,0.0
0.2813898181786776,4.714285714285714,-8.359417080505121,0.0,-0.5298622923114273,0.0
0.2813898181786776,4.928571428571429,-10.52695512077835,0.0,-0.48174634025562674,0.0
0.2813898181786776,5.142857142857142,-9.161920462374367,0.0,-0.4532643011301626,0.0
0.2813898181786776,5.357142857142858,-11.47000668039351,0.0,-0.460007922569648,0.0
0.2813898181786776,5.571428571428571,-11.380328887728403,0.0,-0.4069967379868205,0.0
0.2813898181786776,5.785714285714286,-9.447836586065295,0.0,-0.41707553486085114,0.0
0.2813898181786776,6.0,-10.937658086889252,0.0,-0.44342966799869454,0.0
0.299199300341885,3.0,-9.785024323096502,0.0,-1.002905891042486,0.0
0.299199300341885,3.2142857142857144,-10.183596005752825,0.0,-0.6411235145578702,0.0
0.299199300341885,3.4285714285714284,-10.324419675778037,0.0,-0.4701218518670444,0.0
0.299199300341885,3.642857142857143,-9.76417325372925,0.0,-0.4289242257574779,0.0
0.299199300341885,3.857142857142857,-10.044027585401999,0.0,-0.5011255627235174,0.0
0.299199300341885,4.071428571428571,-8.292872744930817,0.0,-0.5882914749745479,0.0
0.299199300341885,4.285714285714286,-8.538557848838773,0.0,-0.5380259994463642,0.0
0.299199300341885,4.5,-9.41779640267994,0.0,-0.5411430050074238,0.0
0.299199300341885,4.714285714285714,-8.734402527866528,0.0,-0.5305045180062793,0.0
0.299199300341885,4.928571428571429,-9.782944895660401,0.0,-0.5063058676706153,0.0
0.299199300341885,5.142857142857142,-7.992587328176974,0.0,-0.46983111129349936,0.0
0.299199300341885,5.357142857142858,-8.563241740870351,0.0,-0.45390715151815225,0.0
0.299199300341885,5.571428571428571,-9.813039987053179,0.0,-0.4204935844062529,0.0
0.299199300341885,5.785714285714286,-8.93156067402523,0.0,-0.42822584246196693,0.0
0.299199300341885,6.0,-12.280284233591304,0.0,-0.4433455988167873,0.0
0.31700878250509246,3.0,-7.2878050593715695,0.0,-0.9846990585388901,0.0
0.31700878250509246,3.2142857142857144,-10.911029102433515,0.0,-0.6664678305053209,0.0
0.31700878250509246,3.4285714285714284,-9.473096040905245,0.0,-0.4906319222746455,0.0
0.31700878250509246,3.642857142857143,-8.764106793568816,0.0,-0.4519266910633226,0.0
0.31700878250509246,3.857142857142857,-9.442668514183417,0.0,-0.5167521262136445,0.0
0.31700878250509246,4.071428571428571,-7.882970734420194,0.0,-0.5575012748009917,0.0
0.31700878250509246,4.285714285714286,-9.072749331088753,0.0,-0.5907683967830739,0.0
0.31700878250509246,4.5,-10.036730944299032,0.0,-0.5679212734626341,0.0
0.31700878250509246,4.714285714285714,-9.579059334313754,0.0,-0.5804422978932876,0.0
0.31700878250509246,4.928571428571429,-8.277614901506956,0.0,-0.5334321966489187,0.0
0.31700878250509246,5.142857142857142,-10.638661918888161,0.0,-0.48014307409918483,0.0
0.31700878250509246,5.357142857142858,-10.359389813872514,0.0,-0.46060549773868625,0.0
0.31700878250509246,5.571428571428571,-9.349068916120643,0.0,-0.4434682484790633,0.0
0.31700878250509246,5.785714285714286,-9.257050033902607,0.0,-0.4135519348445263,0.0
0.31700878250509246,6.0,-9.845941135497496,0.0,-0.4140909621438669,0.0
0.3348182646682999,3.0,-8.175830183413469,0.0,-1.0284853879376148,0.0
0.3348182646682999,3.2142857142857144,-9.0644337607448,0.0,-0.7058295753505167,0.0
0.3348182646682999,3.4285714285714284,-8.443008828387876,0.0,-0.5008636094341731,0.0
0.3348182646682999,3.642857142857143,-9.931133436781613,0.0,-0.48204851981836205,0.0
0.3348182646682999,3.857142857142857,-8.975020041701596,0.0,-0.542271931134575,0.0
0.3348182646682999,4.071428571428571,-9.949073703456676,0.0,-0.6026416432995021,0.0
0.3348182646682999,4.285714285714286,-9.04442317470277,0.0,-0.6017293792393135,0.0
0.3348182646682999,4.5,-10.269994747141768,0.0,-0.5884760178640943,0.0
0.3348182646682999,4.714285714285714,-11.707878138911544,0.0,-0.5723751092121042,0.0
0.3348182646682999,4.928571428571429,-8.639509077131207,0.0,-0.5262764875753291,0.0
0.3348182646682999,5.142857142857142,-10.728810426338196,0.0,-0.548519756023188,0.0
0.3348182646682999,5.357142857142858,-11.173739227337526,0.0,-0.4849076855558128,0.0
0.3348182646682999,5.571428571428571,-9.85828014149277,0.0,-0.43290504567122495,0.0
0.3348182646682999,5.785714285714286,-10.473337813811366,0.0,-0.44807516689329524,0.0
0.3348182646682999,6.0,-10.28349707605875,0.0,-0.4585697717180968,0.0
0.3526277468315073,3.0,-10.219330937149014,0.0,-1.130596817015298,0.0
0.3526277468315073,3.2142857142857144,-8.43278529601552,0.0,-0.7239456148441371,0.0
0.3526277468315073,3.4285714285714284,-11.74100830694327,0.0,-0.5439293542595286,0.0
0.3526277468315073,3.642857142857143,-8.76124177115702,0.0,-0.535656147313469,0.0
0.3526277468315073,3.857142857142857,-8.95722790131097,0.0,-0.565432844310284,0.0
0.3526277468315073,4.071428571428571,-8.520970383775321,0.0,-0.6317510010165758,0.0
0.3526277468315073,4.285714285714286,-8.696474239443427,0.0,-0.6160847147313641,0.0
0.3526277468315073,4.5,-10.045477806327154,0.0,-0.6361712791111966,0.0
0.3526277468315073,4.714285714285714,-8.998870977397578,0.0,-0.6170414388037944,0.0
0.3526277468315073,4.928571428571429,-9.433414782013037,0.0,-0.5689003319752316,0.0
0.3526277468315073,5.142857142857142,-8.604779624937615,0.0,-0.5588923381514913,0.0
0.3526277468315073,5.357142857142858,-10.126158010386238,0.0,-0.48337321649378573,0.0
0.3526277468315073,5.571428571428571,-9.807396864426142,0.0,-0.4671183052731136,0.0
0.3526277468315073,5.785714285714286,-9.108441597585688,0.0,-0.43276438304418235,0.0
0.3526277468315073,6.0,-9.115441199017098,0.0,-0.4679111776314281,0.0
0.3704372289947148,3.0,-7.38090793633656,0.0,-1.147747484252385,0.0
0.3704372289947148,3.2142857142857144,-8.308261542943796,0.0,-0.7680840449425814,0.0
0.3704372289947148,3.4285714285714284,-10.179653787947837,0.0,-0.5796053726025729,0.0
0.3704372289947148,3.642857142857143,-9.930181350909958,0.0,-0.5195381260306305,0.0
0.3704372289947148,3.857142857142857,-10.003216222571925,0.0,-0.5870654201182832,0.0
0.3704372289947148,4.071428571428571,-9.299531413615579,0.0,-0.5987003242664557,0.0
0.3704372289947148,4.285714285714286,-9.269044828696426,0.0,-0.6489103624655516,0.0
0.3704372289947148,4.5,-8.787600529173694,0.0,-0.6760172896983971,0.0
0.3704372289947148,4.714285714285714,-8.6687012246288,0.0,-0.632800383632548,0.0
0.3704372289947148,4.928571428571429,-9.05763483714689,0.0,-0.5713822680943853,0.0
0.3704372289947148,5.142857142857142,-9.553628042925082,0.0,-0.5600376520082379,0.0
0.3704372289947148,5.357142857142858,-9.18508791978586,0.0,-0.474718194984704,0.0
0.3704372289947148,5.571428571428571,-11.442168488873635,0.0,-0.4966863306208232,0.0
0.3704372289947148,5.785714285714286,-10.613585592182917,0.0,-0.44705127210557205,0.0
0.3704372289947148,6.0,-9.009181082170592,0.0,-0.4801926093089069,0.0
0.38824671115792225,3.0,-9.225283896015855,0.0,-1.2054367834221569,0.0
0.38824671115792225,3.2142857142857144,-7.7764719421406205,0.0,-0.8093815843840093,0.0
0.38824671115792225,3.4285714285714284,-10.750303073191123,0.0,-0.6084707653615067,0.0
0.38824671115792225,3.642857142857143,-8.229807669127169,0.0,-0.5484847502162186,0.0
0.38824671115792225,3.857142857142857,-8.128135900477096,0.0,-0.6102689843746135,0.0
0.38824671115792225,4.071428571428571,-8.256454662182762,0.0,-0.639844996263956,0.0
0.38824671115792225,4.285714285714286,-8.738640113573599,0.0,-0.6726413672020868,0.0
0.38824671115792225,4.5,-10.872513556410018,0.0,-0.7001826948296247,0.0
0.38824671115792225,4.714285714285714,-10.521069063891373,0.0,-0.6781431786427456,0.0
0.38824671115792225,4.928571428571429,-10.46405521137328,0.0,-0.5805466438772285,0.0
0.38824671115792225,5.142857142857142,-10.338139607898581,0.0,-0.5601610329119391,0.0
0.38824671115792225,5.357142857142858,-9.100287575987057,0.0,-0.47752514906116894,0.0
0.38824671115792225,5.571428571428571,-8.857625942818393,0.0,-0.43061713473155094,0.0
0.38824671115792225,5.785714285714286,-10.2669716014911,0.0,-0.46766723514349917,0.0
0.38824671115792225,6.0,-9.152316554658801,0.0,-0.4434906856197701,0.0
0.4060561933211297,3.0,-7.4507884404890925,0.0,-1.2780904820577268,0.0
0.4060561933211297,3.2142857142857144,-9.87822628856858,0.0,-0.8549967654749557,0.0
0.4060561933211297,3.4285714285714284,-10.628203496134896,0.0,-0.6149446170635247,0.0
0.4060561933211297,3.642857142857143,-10.800238669331018,0.0,-0.5342959433812049,0.0
0.4060561933211297,3.857142857142857,-9.763980168327727,0.0,-0.6052612016243405,0.0
0.4060561933211297,4.071428571428571,-11.062974338896714,0.0,-0.661636550107675,0.0
0.4060561933211297,4.285714285714286,-8.076298616447675,0.0,-0.6509748858560424,0.0
0.4060561933211297,4.5,-7.9350806163876735,0.0,-0.6288187853751253,0.0
0.4060561933211297,4.714285714285714,-9.896557731242273,0.0,-0.6334217722451265,0.0
0.4060561933211297,4.928571428571429,-9.62797563120816,0.0,-0.6203953644742354,0.0
0.4060561933211297,5.142857142857142,-10.095178185152497,0.0,-0.5840350720749233,0.0
0.4060561933211297,5.357142857142858,-8.776364554880937,0.0,-0.49223713711479194,0.0
0.4060561933211297,5.571428571428571,-9.224971048283654,0.0,-0.42319502673240234,0.0
0.4060561933211297,5.785714285714286,-10.911247303468622,0.0,-0.4797971511286744,0.0
0.4060561933211297,6.0,-8.196341994897088,0.0,-0.49091528704112064,0.0
0.4238656754843372,3.0,-7.551332402550219,0.0,-1.3133167751814367,0.0
0.4238656754843372,3.2142857142857144,-7.869008561017033,0.0,-0.8757176070920147,0.0
0.4238656754843372,3.4285714285714284,-11.71979235307223,0.0,-0.6327265558467989,0.0
0.4238656754843372,3.642857142857143,-9.261370129537898,0.0,-0.5843667886111691,0.0
0.4238656754843372,3.857142857142857,-9.870729412615598,0.0,-0.6901804449964016,0.0
0.4238656754843372,4.071428571428571,-9.916768965282413,0.0,-0.7058532971914107,0.0
0.4238656754843372,4.285714285714286,-10.356225097695956,0.0,-0.7023916762268362,0.0
0.4238656754843372,4.5,-8.62146254074319,0.0,-0.6520538960940641,0.0
0.4238656754843372,4.714285714285714,-9.904933279169736,0.0,-0.7390999213306609,0.0
0.4238656754843372,4.928571428571429,-10.323327707270467,0.0,-0.6453098953806906,0.0
0.4238656754843372,5.142857142857142,-9.972845939453581,0.0,-0.5919552625551758,0.0
0.4238656754843372,5.357142857142858,-10.097676753308043,0.0,-0.5347113338340346,0.0
0.4238656754843372,5.571428571428571,-9.826574089667918,0.0,-0.4563448309199801,0.0
0.4238656754843372,5.785714285714286,-11.002918506224844,0.0,-0.46063041319879755,0.0
0.4238656754843372,6.0,-10.285023745818929,0.0,-0.4626100884805086,0.0
0.4416751576475446,3.0,-8.45093322483704,0.0,-1.3701494415067526,0.0
0.4416751576475446,3.2142857142857144,-9.487823982193854,0.0,-0.9173667909738428,0.0
0.4416751576475446,3.4285714285714284,-9.657521876571534,0.0,-0.6601737758121566,0.0
0.4416751576475446,3.642857142857143,-10.744545038294135,0.0,-0.5485845928403136,0.0
0.4416751576475446,3.857142857142857,-8.396462639187831,0.0,-0.7091156246955723,0.0
0.4416751576475446,4.071428571428571,-9.817364388146288,0.0,-0.7743801588811908,0.0
0.4416751576475446,4.285714285714286,-8.732152282644844,0.0,-0.7247890661685539,0.0
0.4416751576475446,4.5,-9.170687632822418,0.0,-0.7202816808620112,0.0
0.4416751576475446,4.714285714285714,-8.696246183524819,0.0,-0.6973110877552016,0.0
0.4416751576475446,4.928571428571429,-10.151992492363199,0.0,-0.659728639374226,0.0
0.4416751576475446,5.142857142857142,-11.688731477849474,0.0,-0.5836407088689028,0.0
0.4416751576475446,5.357142857142858,-10.288857055111668,0.0,-0.5419965150630585,0.0
0.4416751576475446,5.571428571428571,-10.03932340076625,0.0,-0.46539080246350323,0.0
0.4416751576475446,5.785714285714286,-10.526620880201644,0.0,-0.45707553853625565,0.0
0.4416751576475446,6.0,-9.491348177092584,0.0,-0.5169019989059063,0.0
0.45948463981075205,3.0,-6.45964583097148,0.0,-1.5111436770097242,0.0
0.45948463981075205,3.2142857142857144,-8.374882254303296,0.0,-0.9555422290933117,0.0
0.45948463981075205,3.4285714285714284,-10.94320096591921,0.0,-0.6867964594349568,0.0
0.45948463981075205,3.642857142857143,-13.576764112770656,0.0,-0.6356423482959183,0.0
0.45948463981075205,3.857142857142857,-8.09512539426716,0.0,-0.7381228917505378,0.0
0.45948463981075205,4.071428571428571,-8.27720597641335,0.0,-0.8134662603370185,0.0
0.45948463981075205,4.285714285714286,-8.069412102755926,0.0,-0.7123768046445039,0.0
0.45948463981075205,4.5,-7.227116146534487,0.0,-0.7659664292039045,0.0
0.45948463981075205,4.714285714285714,-11.087597323188184,0.0,-0.7021633625172067,0.0
0.45948463981075205,4.928571428571429,-8.409261699772049,0.0,-0.6737151898902278,0.0
0.45948463981075205,5.142857142857142,-10.101616322990433,0.0,-0.5898583247404376,0.0
0.45948463981075205,5.357142857142858,-8.830738389887868,0.0,-0.5547124864122727,0.0
0.45948463981075205,5.571428571428571,-10.756746687556454,0.0,-0.4924611314521035,0.0
0.45948463981075205,5.785714285714286,-11.40521077500716,0.0,-0.4662596040086738,0.0
0.45948463981075205,6.0,-8.97148145374065,0.0,-0.5074220983729675,0.0
0.4772941219739595,3.0,-6.962584542461643,0.0,-1.5321459001065343,0.0
0.4772941219739595,3.2142857142857144,-7.92299653865037,0.0,-1.0093464781157384,0.0
0.4772941219739595,3.4285714285714284,-9.10981809501407,0.0,-0.7680584594488894,0.0
0.4772941219739595,3.642857142857143,-9.25345231240521,0.0,-0.634752285086864,0.0
0.4772941219739595,3.857142857142857,-10.242719201649786,0.0,-0.6473742989988374,0.0
0.4772941219739595,4.071428571428571,-8.34336882864421,0.0,-0.8337560685015893,0.0
0.4772941219739595,4.285714285714286,-11.544094875197493,0.0,-0.7907539661547083,0.0
0.4772941219739595,4.5,-10.26070522770318,0.0,-0.8438117415025449,0.0
0.4772941219739595,4.714285714285714,-10.896579682413876,0.0,-0.7506765817489351,0.0
0.4772941219739595,4.928571428571429,-9.522744520905299,0.0,-0.7206579379563088,0.0
0.4772941219739595,5.142857142857142,-9.530904170890441,0.0,-0.6287081957103957,0.0
0.4772941219739595,5.357142857142858,-9.052957839806721,0.0,-0.569254654523159,0.0
0.4772941219739595,5.571428571428571,-9.80367580009817,0.0,-0.5081429105285964,0.0
0.4772941219739595,5.785714285714286,-10.861978186266011,0.0,-0.4863032001419701,0.0
0.4772941219739595,6.0,-10.168881590333108,0.0,-0.4966310789374967,0.0
0.4951036041371669,3.0,-7.287047705668669,0.0,-1.8340211025765052,0.0
0.4951036041371669,3.2142857142857144,-8.139927181619308,0.0,-1.1147459754750806,0.0
0.4951036041371669,3.4285714285714284,-11.629113114953164,0.0,-0.806504387756456,0.0
0.4951036041371669,3.642857142857143,-9.878664496422385,0.0,-0.6527433509771254,0.0
0.4951036041371669,3.857142857142857,-10.60136039097301,0.0,-0.7787949133498255,0.0
0.4951036041371669,4.071428571428571,-9.181846340403993,0.0,-0.8636619717491713,0.0
0.4951036041371669,4.285714285714286,-9.854079245859444,0.0,-0.8899750937685208,0.0
0.4951036041371669,4.5,-10.30966475603854,0.0,-0.7924294642992687,0.0
0.4951036041371669,4.714285714285714,-9.291426041124366,0.0,-0.7849448598232528,0.0
0.4951036041371669,4.928571428571429,-10.5258142978153,0.0,-0.714026500924265,0.0
0.4951036041371669,5.142857142857142,-8.875255517797067,0.0,-0.6378111791638168,0.0
0.4951036041371669,5.357142857142858,-10.249790125445807,0.0,-0.5641427742856951,0.0
0.4951036041371669,5.571428571428571,-10.17849112934847,0.0,-0.4837422027152177,0.0
0.4951036041371669,5.785714285714286,-12.429410941708555,0.0,-0.4980785009510691,0.0
0.4951036041371669,6.0,-9.082791178230465,0.0,-0.5227540355987735,0.0
0.5129130863003744,3.0,-8.535713102482402,0.0,-1.8080751323827786,0.0
0.5129130863003744,3.2142857142857144,-8.21504866689495,0.0,-1.1638230686841056,0.0
0.5129130863003744,3.4285714285714284,-12.376210420308425,0.0,-0.7779994282533205,0.0
0.5129130863003744,3.642857142857143,-9.79354389288256,0.0,-0.7330832179742279,0.0
0.5129130863003744,3.857142857142857,-10.193177516655965,0.0,-0.8089021748923384,0.0
0.5129130863003744,4.071428571428571,-9.509203566225446,0.0,-0.8671531594679733,0.0
0.5129130863003744,4.285714285714286,-9.877765025784543,0.0,-0.8140474807106864,0.0
0.5129130863003744,4.5,-7.841224222294532,0.0,-0.825359033329513,0.0
0.5129130863003744,4.714285714285714,-8.381875792140365,0.0,-0.8202969067654843,0.0
0.5129130863003744,4.928571428571429,-9.377272636918947,0.0,-0.7432996019282806,0.0
0.5129130863003744,5.142857142857142,-8.69020879515238,0.0,-0.6277689920327186,0.0
0.5129130863003744,5.357142857142858,-9.083045315232406,0.0,-0.5612011513185368,0.0
0.5129130863003744,5.571428571428571,-10.392798576606257,0.0,-0.5178184994531335,0.0
0.5129130863003744,5.785714285714286,-11.093859940277154,0.0,-0.47796615203375603,0.0
0.5129130863003744,6.0,-9.521842758514007,0.0,-0.5108960413038037,0.0
0.5307225684635818,3.0,-8.390066850046532,0.0,-1.8382880488829862,0.0
0.5307225684635818,3.2142857142857144,-7.862235542101713,0.0,-1.1730833387349766,0.0
0.5307225684635818,3.4285714285714284,-12.1136691296589,0.0,-0.8696529182530478,0.0
0.5307225684635818,3.642857142857143,-13.494168735347618,0.0,-0.751349278128141,0.0
0.5307225684635818,3.857142857142857,-10.018829473833108,0.0,-0.775891077608697,0.0
0.5307225684635818,4.071428571428571,-10.577908796861436,0.0,-0.9064137402366335,0.0
0.5307225684635818,4.285714285714286,-10.273503410818316,0.0,-0.8868349527193029,0.0
0.5307225684635818,4.5,-8.845666111157886,0.0,-0.9154191280170924,0.0
0.5307225684635818,4.714285714285714,-9.676498321483464,0.0,-0.8657213203187278,0.0
0.5307225684635818,4.928571428571429,-10.980329550349452,0.0,-0.8371762941153952,0.0
0.5307225684635818,5.142857142857142,-9.692295991473422,0.0,-0.6786239993869664,0.0
0.5307225684635818,5.357142857142858,-9.757482235719092,0.0,-0.5711127986258124,0.0
0.5307225684635818,5.571428571428571,-9.052675863749137,0.0,-0.5484990884690853,0.0
0.5307225684635818,5.785714285714286,-9.547218868558508,0.0,-0.49610097698948696,0.0
0.5307225684635818,6.0,-13.385745145010773,0.0,-0.5567899425148459,0.0
0.5485320506267892,3.0,-8.094992052173795,0.0,-1.9069734387750317,0.0
0.5485320506267892,3.2142857142857144,-8.35110798248223,0.0,-1.2461698697618058,0.0
0.5485320506267892,3.4285714285714284,-12.966037143956267,0.0,-0.8958048077400108,0.0
0.5485320506267892,3.642857142857143,-11.901934728234588,0.0,-0.7926587774081011,0.0
0.5485320506267892,3.857142857142857,-46.15113144016003,0.0,-0.7975231263709212,0.0
0.5485320506267892,4.071428571428571,-9.279080122941625,0.0,-0.932410902216624,0.0
0.5485320506267892,4.285714285714286,-9.56175163686599,0.0,-0.9013380610110949,0.0
0.5485320506267892,4.5,-12.460575467703588,0.0,-0.9393665693085631,0.0
0.5485320506267892,4.714285714285714,-9.740824840123071,0.0,-0.8506633122796352,0.0
0.5485320506267892,4.928571428571429,-8.541718514627128,0.0,-0.7885753953411795,0.0
0.5485320506267892,5.142857142857142,-8.206002380345042,0.0,-0.7456246078785596,0.0
0.5485320506267892,5.357142857142858,-9.81479245050554,0.0,-0.5677450705974882,0.0
0.5485320506267892,5.571428571428571,-9.790563461530526,0.0,-0.5336948350259688,0.0
0.5485320506267892,5.785714285714286,-10.599490421411078,0.0,-0.5378632999448103,0.0
0.5485320506267892,6.0,-12.292542172231897,0.0,-0.550866609723065,0.0
0.5663415327899967,3.0,-7.578541286414822,0.0,-2.0040559161858784,0.0
0.5663415327899967,3.2142857142857144,-8.240265026861158,0.0,-1.3463761278147532,0.0
0.5663415327899967,3.4285714285714284,-10.32189838708758,0.0,-0.9374822972407207,0.0
0.5663415327899967,3.642857142857143,-11.137245256785507,0.0,-0.7972817608676807,0.0
0.5663415327899967,3.857142857142857,-8.082923821101392,0.0,-0.8433089981813522,0.0
0.5663415327899967,4.071428571428571,-8.47288368352084,0.0,-0.9200752448411369,0.0
0.5663415327899967,4.285714285714286,-9.61868800986306,0.0,-0.9289193326265988,0.0
0.5663415327899967,4.5,-11.365571554456738,0.0,-0.885534859904325,0.0
0.5663415327899967,4.714285714285714,-10.16231154998488,0.0,-0.8827204815266937,0.0
0.5663415327899967,4.928571428571429,-10.380082694848076,0.0,-0.9091517565171013,0.0
0.5663415327899967,5.142857142857142,-9.233296813551467,0.0,-0.768757923899375,0.0
0.5663415327899967,5.357142857142858,-10.894861885728686,0.0,-0.663624731680257,0.0
0.5663415327899967,5.571428571428571,-11.861744226483246,0.0,-0.5310891497236497,0.0
0.5663415327899967,5.785714285714286,-11.221377338280002,0.0,-0.5128139266625825,0.0
0.5663415327899967,6.0,-12.398621559110506,0.0,-0.5952269946027297,0.0
0.5841510149532041,3.0,-7.51334928874785,0.0,-2.052240785093271,0.0
0.5841510149532041,3.2142857142857144,-8.649790055162633,0.0,-1.4333178312894534,0.0
0.5841510149532041,3.4285714285714284,-12.082953388349448,0.0,-1.0143447301466346,0.0
0.5841510149532041,3.642857142857143,-11.150103375379674,0.0,-0.8785176450189571,0.0
0.5841510149532041,3.857142857142857,-11.186073231506068,0.0,-0.8733194424597636,0.0
0.5841510149532041,4.071428571428571,-9.613440181616864,0.0,-1.0084347432826255,0.0
0.5841510149532041,4.285714285714286,-8.542785137275063,0.0,-0.9804466151765344,0.0
0.5841510149532041,4.5,-9.920448428200588,0.0,-0.8761191469550983,0.0
0.5841510149532041,4.714285714285714,-10.577701509742452,0.0,-0.9520451401998379,0.0
0.5841510149532041,4.928571428571429,-9.767089875216861,0.0,-0.9129875631540324,0.0
0.5841510149532041,5.142857142857142,-10.684696746287816,0.0,-0.786806207872787,0.0
0.5841510149532041,5.357142857142858,-12.882145802408528,0.0,-0.6748319617028082,0.0
0.5841510149532041,5.571428571428571,-9.302770295043043,0.0,-0.558721692939715,0.0
0.5841510149532041,5.785714285714286,-9.870210262739437,0.0,-0.5182630050778525,0.0
0.5841510149532041,6.0,-8.282423592415553,0.0,-0.5886507289389373,0.0
0.6019604971164115,3.0,-9.714443353710722,0.0,-2.0956590437113274,0.0
0.6019604971164115,3.2142857142857144,-8.760272053338296,0.0,-1.363356606178472,0.0
0.6019604971164115,3.4285714285714284,-12.511423813530516,0.0,-1.0620664781228284,0.0
0.6019604971164115,3.642857142857143,-13.53961493584783,0.0,-0.8997644199033732,0.0
0.6019604971164115,3.857142857142857,-11.187628882549012,0.0,-0.8902234619534929,0.0
0.6019604971164115,4.071428571428571,-8.769018875023345,0.0,-1.117974709056217,0.0
0.6019604971164115,4.285714285714286,-13.263125572006379,0.0,-1.0331238249983326,0.0
0.6019604971164115,4.5,-12.16004706391354,0.0,-0.9898650526985547,0.0
0.6019604971164115,4.714285714285714,-9.977704403651654,0.0,-0.9548535434529583,0.0
0.6019604971164115,4.928571428571429,-9.39551280523039,0.0,-0.9526210220184167,0.0
0.6019604971164115,5.142857142857142,-10.19548942223249,0.0,-0.8109421585148011,0.0
0.6019604971164115,5.357142857142858,-11.540771834262253,0.0,-0.6743304535213046,0.0
0.6019604971164115,5.571428571428571,-9.729586847180252,0.0,-0.5534816671947158,0.0
0.6019604971164115,5.785714285714286,-10.357325534650212,0.0,-0.5463496048819656,0.0
0.6019604971164115,6.0,-11.385736783500446,0.0,-0.5934213324098715,0.0
0.619769979279619,3.0,-6.830313490368323,0.0,-2.2722650509966824,0.0
0.619769979279619,3.2142857142857144,-8.865024936498076,0.0,-1.4698449478013378,0.0
0.619769979279619,3.4285714285714284,-12.068564418240669,0.0,-1.0763608186818436,0.0
0.619769979279619,3.642857142857143,-13.269246304963229,0.0,-0.9130516071159434,0.0
0.619769979279619,3.857142857142857,-12.133230058834275,0.0,-0.9330214829931697,0.0
0.619769979279619,4.071428571428571,-12.194155756034112,0.0,-1.1481234006158523,0.0
0.619769979279619,4.285714285714286,-10.814918053633603,0.0,-0.9915422959600635,0.0
0.619769979279619,4.5,-10.877973363337512,0.0,-1.048627081768689,0.0
0.619769979279619,4.714285714285714,-10.505083777501776,0.0,-1.0230845147068306,0.0
0.619769979279619,4.928571428571429,-11.308421457318484,0.0,-0.9920554952656935,0.0
0.619769979279619,5.142857142857142,-11.189756844231882,0.0,-0.8275631901623876,0.0
0.619769979279619,5.357142857142858,-9.815438736733965,0.0,-0.6718518004629859,0.0
0.619769979279619,5.571428571428571,-12.358657769594084,0.0,-0.562970847811878,0.0
0.619769979279619,5.785714285714286,-9.994830843941008,0.0,-0.5422176161039789,0.0
0.619769979279619,6.0,-4089.3597650454603,0.0,-0.5792986954693243,0.0
0.6375794614428264,3.0,-8.622353501217232,0.0,-2.415510340297826,0.0
0.6375794614428264,3.2142857142857144,-8.850283393261764,0.0,-1.6318647774152788,0.0
0.6375794614428264,3.4285714285714284,-14.19578887951459,0.0,-1.1227512148152001,0.0
0.6375794614428264,3.642857142857143,-45.05812597125585,0.0,-0.9329608317770945,0.0
0.6375794614428264,3.857142857142857,-11.120270074300706,0.0,-0.9700785942826219,0.0
0.6375794614428264,4.071428571428571,-9.43746785640295,0.0,-1.130110139105157,0.0
0.6375794614428264,4.285714285714286,-9.751585851792061,0.0,-1.1285865646761175,0.0
0.6375794614428264,4.5,-10.81424840562173,0.0,-1.204616856921598,0.0
0.6375794614428264,4.714285714285714,-11.08884216283647,0.0,-1.0585911237257322,0.0
0.6375794614428264,4.928571428571429,-10.63561565646162,0.0,-0.9781129915350976,0.0
0.6375794614428264,5.142857142857142,-11.594831158102558,0.0,-0.8302911133681382,0.0
0.6375794614428264,5.357142857142858,-11.698594781573199,0.0,-0.6871571371790558,0.0
0.6375794614428264,5.571428571428571,-11.56927644749823,0.0,-0.5752736033661251,0.0
0.6375794614428264,5.785714285714286,-13.125971926897245,0.0,-0.5472605554017242,0.0
0.6375794614428264,6.0,-11.747500856312652,0.0,-0.5978986224414127,0.0
0.6553889436060338,3.0,-8.202354764843847,0.0,-2.51855512107744,0.0
0.6553889436060338,3.2142857142857144,-8.866784483219256,0.0,-1.743433811382947,0.0
0.6553889436060338,3.4285714285714284,-16.37232233473136,0.0,-1.2194865119683402,0.0
0.6553889436060338,3.642857142857143,-12.285278370942859,0.0,-0.9594505085994474,0.0
0.6553889436060338,3.857142857142857,-10.30610306601061,0.0,-1.081192805296781,0.0
0.6553889436060338,4.071428571428571,-9.607007629043808,0.0,-1.2113569984742742,0.0
0.6553889436060338,4.285714285714286,-9.635786913234838,0.0,-1.086725783634092,0.0
0.6553889436060338,4.5,-11.06866387881445,0.0,-1.0756859207896765,0.0
0.6553889436060338,4.714285714285714,-9.291443167112243,0.0,-1.0259058595045047,0.0
0.6553889436060338,4.928571428571429,-6.971876456890842,0.0,-1.0382195247678028,0.0
0.6553889436060338,5.142857142857142,-12.161692456416388,0.0,-0.8916612781512739,0.0
0.6553889436060338,5.357142857142858,-12.04730356928871,0.0,-0.731656399734686,0.0
0.6553889436060338,5.571428571428571,-11.173658284205782,0.0,-0.6182912679973193,0.0
0.6553889436060338,5.785714285714286,-9.684392852033492,0.0,-0.5796698785152034,0.0
0.6553889436060338,6.0,-12.76227373675743,0.0,-0.5948076084610838,0.0
0.6731984257692414,3.0,-9.647642692309226,0.0,-2.5883858693831305,0.0
0.6731984257692414,3.2142857142857144,-9.246475350355134,0.0,-1.7668602193637675,0.0
0.6731984257692414,3.4285714285714284,-9.86161191865576,0.0,-1.279957087669115,0.0
0.6731984257692414,3.642857142857143,-9.963075131780055,0.0,-0.9970114286690603,0.0
0.6731984257692414,3.857142857142857,-7.772589551945577,0.0,-1.0858734524920368,0.0
0.6731984257692414,4.071428571428571,-8.609170003905428,0.0,-1.1820463829850532,0.0
0.6731984257692414,4.285714285714286,-9.432638414439689,0.0,-1.145365368707296,0.0
0.6731984257692414,4.5,-13.170868162185302,0.0,-1.17117886225675,0.0
0.6731984257692414,4.714285714285714,-11.233537666938114,0.0,-1.1093261917500836,0.0
0.6731984257692414,4.928571428571429,-11.108657301313436,0.0,-1.0720261114805016,0.0
0.6731984257692414,5.142857142857142,-11.360981156074324,0.0,-0.8752015990858731,0.0
0.6731984257692414,5.357142857142858,-13.46310296743567,0.0,-0.7235762233519056,0.0
0.6731984257692414,5.571428571428571,-13.000063713038665,0.0,-0.6486769173201894,0.0
0.6731984257692414,5.785714285714286,-10.20540646154572,0.0,-0.5950893642901854,0.0
0.6731984257692414,6.0,-11.979224885655396,0.0,-0.6240372462272654,0.0
0.6910079079324488,3.0,-9.535325320463299,0.0,-2.6661520898369266,0.0
0.6910079079324488,3.2142857142857144,-9.076434299606218,0.0,-1.751240329201451,0.0
0.6910079079324488,3.4285714285714284,-16.367607466359896,0.0,-2.9979460685269594,0.0
0.6910079079324488,3.642857142857143,-13.552157901249315,0.0,-1.0548690599765986,0.0
0.6910079079324488,3.857142857142857,-13.10480343575048,0.0,-1.1171136821696321,0.0
0.6910079079324488,4.071428571428571,-14.76940755315542,0.0,-1.3438198958890397,0.0
0.6910079079324488,4.285714285714286,-13.244611248693749,0.0,-1.3063090832093416,0.0
0.6910079079324488,4.5,-10.477088897201014,0.0,-1.1928519089836311,0.0
0.6910079079324488,4.714285714285714,-10.787534630667038,0.0,-1.2432219250418133,0.0
0.6910079079324488,4.928571428571429,-12.4429983577714,0.0,-1.1727437964731886,0.0
0.6910079079324488,5.142857142857142,-11.357218071802837,0.0,-0.8729018541948366,0.0
0.6910079079324488,5.357142857142858,-13.520025051817937,0.0,-0.7458246757781489,0.0
0.6910079079324488,5.571428571428571,-11.032426951790283,0.0,-0.6461336105838422,0.0
0.6910079079324488,5.785714285714286,-11.009978987341944,0.0,-0.6287743491336196,0.0
0.6910079079324488,6.0,-9.267088064361348,0.0,-0.6463236934589746,0.0
0.7088173900956563,3.0,-9.041664532788714,0.0,-2.856032913759042,0.0
0.7088173900956563,3.2142857142857144,-9.861905091118144,0.0,-2.0368020225493217,0.0
0.7088173900956563,3.4285714285714284,-12.966509917458094,0.0,-2.0820000727273626,0.0
0.7088173900956563,3.642857142857143,-13.52882640070437,0.0,-1.1101036636653043,0.0
0.7088173900956563,3.857142857142857,-10.347474265009486,0.0,-1.2052282815863846,0.0
0.7088173900956563,4.071428571428571,-9.507364681575469,0.0,-1.3683803589702115,0.0
0.7088173900956563,4.285714285714286,-11.223428348404775,0.0,-1.2511949588273852,0.0
0.7088173900956563,4.5,-10.523943732934038,0.0,-1.4498315455355313,0.0
0.7088173900956563,4.714285714285714,-12.194095598067708,0.0,-1.2792462880704056,0.0
0.7088173900956563,4.928571428571429,-11.301362076107393,0.0,-1.1541946485381898,0.0
0.7088173900956563,5.142857142857142,-12.619176074310355,0.0,-0.9883186391360033,0.0
0.7088173900956563,5.357142857142858,-13.596452499801304,0.0,-0.7905089836085031,0.0
0.7088173900956563,5.571428571428571,-12.638139787319881,0.0,-0.6210436366241023,0.0
0.7088173900956563,5.785714285714286,-11.739983875245816,0.0,-0.6166290127313526,0.0
0.7088173900956563,6.0,-9.58499144170634,0.0,-0.6767816402789054,0.0
0.7266268722588637,3.0,-9.532328656990718,0.0,-3.0133662006058,0.0
0.7266268722588637,3.2142857142857144,-9.226336044516623,0.0,-2.008198277345072,0.0
0.7266268722588637,3.4285714285714284,-12.137572007085245,0.0,-2.5956071071622433,0.0
0.7266268722588637,3.642857142857143,-15.520717432808649,0.0,-1.249374736762535,0.0
0.7266268722588637,3.857142857142857,-13.276356608511408,0.0,-1.3219739802684822,0.0
0.7266268722588637,4.071428571428571,-13.553371468142043,0.0,-1.441870888933101,0.0
0.7266268722588637,4.285714285714286,-13.399982242734064,0.0,-1.4219263222956762,0.0
0.7266268722588637,4.5,-13.874739024086885,0.0,-1.4319372956200271,0.0
0.7266268722588637,4.714285714285714,-10.299903278613169,0.0,-1.3177175654860043,0.0
0.7266268722588637,4.928571428571429,-12.019371990191841,0.0,-1.2611167202107147,0.0
0.7266268722588637,5.142857142857142,-15.06149030675,0.0,-1.1008690873782874,0.0
0.7266268722588637,5.357142857142858,-11.96633723362558,0.0,-0.8640110842219524,0.0
0.7266268722588637,5.571428571428571,-11.644798387652909,0.0,-0.6726101136227818,0.0
0.7266268722588637,5.785714285714286,-10.83649792172076,0.0,-0.6234463583443292,0.0
0.7266268722588637,6.0,-10.142929924534362,0.0,-0.6279826014130939,0.0
0.7444363544220711,3.0,-7.269092077126715,0.0,-3.008082477862241,0.0
0.7444363544220711,3.2142857142857144,-9.611322461851133,0.0,-2.309981249563437,0.0
0.7444363544220711,3.4285714285714284,-12.651831901764771,0.0,-2.174928610516957,0.0
0.7444363544220711,3.642857142857143,-13.648898869366054,0.0,-1.3531076144362533,0.0
0.7444363544220711,3.857142857142857,-14.63106009546832,0.0,-1.4519014623542899,0.0
0.7444363544220711,4.071428571428571,-11.433591306932616,0.0,-1.580364715998419,0.0
0.7444363544220711,4.285714285714286,-13.230961487024231,0.0,-2.945244820091363,0.0
0.7444363544220711,4.5,-13.162309409234297,0.0,-1.5250828190580161,0.0
0.7444363544220711,4.714285714285714,-10.844894456008783,0.0,-1.427912875887678,0.0
0.7444363544220711,4.928571428571429,-13.58802733863406,0.0,-1.2149478379006495,0.0
0.7444363544220711,5.142857142857142,-12.59133774562627,0.0,-1.1797043645402854,0.0
0.7444363544220711,5.357142857142858,-10.650590415300593,0.0,-0.8797788912297672,0.0
0.7444363544220711,5.571428571428571,-11.891569849979453,0.0,-0.678924369168957,0.0
0.7444363544220711,5.785714285714286,-13.521965140671776,0.0,-0.6454755401284095,0.0
0.7444363544220711,6.0,-11.096562355583403,0.0,-0.6778876545773861,0.0
0.7622458365852786,3.0,-7.310040272035199,0.0,-4.02664053095249,0.0
0.7622458365852786,3.2142857142857144,-10.04445370631776,0.0,-2.331037831725814,0.0
0.7622458365852786,3.4285714285714284,-11.137794211611233,0.0,-2.244666435043858,0.0
0.7622458365852786,3.642857142857143,-2294.348211594751,0.0,-2.3163748352256763,0.0
0.7622458365852786,3.857142857142857,-17.70445990922862,0.0,-1.4165014072210858,0.0
0.7622458365852786,4.071428571428571,-16.21892993916752,0.0,-1.6112800647263925,0.0
0.7622458365852786,4.285714285714286,-11.606022893630879,0.0,-2.045284989669822,0.0
0.7622458365852786,4.5,-12.388501176320938,0.0,-1.5359808729884872,0.0
0.7622458365852786,4.714285714285714,-10.615216426301604,0.0,-1.4448501474086384,0.0
0.7622458365852786,4.928571428571429,-13.71299824788946,0.0,-1.2681438858349785,0.0
0.7622458365852786,5.142857142857142,-15.052569390861372,0.0,-1.1463665326966006,0.0
0.7622458365852786,5.357142857142858,-12.654571592802585,0.0,-0.9141226168861021,0.0
0.7622458365852786,5.571428571428571,-11.924515416173085,0.0,-0.6782885139608505,0.0
0.7622458365852786,5.785714285714286,-11.96028528916983,0.0,-0.6499670902852718,0.0
0.7622458365852786,6.0,-11.125548810947047,0.0,-0.7793829039245503,0.0
0.780055318748486,3.0,-7.037105002767211,0.0,-6.240496693630678,0.0
0.780055318748486,3.2142857142857144,-9.103661982148251,0.0,-2.3633105846626803,0.0
0.780055318748486,3.4285714285714284,-16.59771764860442,0.0,-2.596719492762454,0.0
0.780055318748486,3.642857142857143,-16.640781977781717,0.0,-1.9151163678680283,0.0
0.780055318748486,3.857142857142857,-14.436900386671187,0.0,-1.5400186416342247,0.0
0.780055318748486,4.071428571428571,-13.377060299049818,0.0,-2.589476900113439,0.0
0.780055318748486,4.285714285714286,-12.471273952985683,0.0,-2.0954763846794466,0.0
0.780055318748486,4.5,-51.48518278366591,0.0,-1.7257096384409583,0.0
0.780055318748486,4.714285714285714,-12.446178841228601,0.0,-1.5859023756629782,0.0
0.780055318748486,4.928571428571429,-13.764271601892482,0.0,-1.5332894056624244,0.0
0.780055318748486,5.142857142857142,-5629.344065460742,0.0,-1.2471926449475814,0.0
0.780055318748486,5.357142857142858,-14.743678236273688,0.0,-0.9029669343675836,0.0
0.780055318748486,5.571428571428571,-10.172449197543187,0.0,-0.7301656131069593,0.0
0.780055318748486,5.785714285714286,-14.366850795485893,0.0,-0.7281636793925982,0.0
0.780055318748486,6.0,-10.510472957582257,0.0,-0.7056655071092793,0.0
0.7978648009116934,3.0,-13.391443232410397,0.0,-4.383079992703466,0.0
0.7978648009116934,3.2142857142857144,-9.107576761481011,0.0,-2.474260370735073,0.0
0.7978648009116934,3.4285714285714284,-12.654212526761363,0.0,-2.5849044006230484,0.0
0.7978648009116934,3.642857142857143,-2397.4277946979664,0.0,-2.0874432670254466,0.0
0.7978648009116934,3.857142857142857,-2437.1939187035878,0.0,-1.7603247608843597,0.0
0.7978648009116934,4.071428571428571,-10.858924388175263,0.0,-3.1080064705796633,0.0
0.7978648009116934,4.285714285714286,-11.006783676837564,0.0,-2.7881552259463582,0.0
0.7978648009116934,4.5,-13.277618816907234,0.0,-2.3987176254940046,0.0
0.7978648009116934,4.714285714285714,-11.829850836388662,0.0,-1.669808876969905,0.0
0.7978648009116934,4.928571428571429,-14.178474884160925,0.0,-1.4735443521608083,0.0
0.7978648009116934,5.142857142857142,-11.406921742226556,0.0,-1.248392761336423,0.0
0.7978648009116934,5.357142857142858,-15.908542138090551,0.0,-0.9564412355275502,0.0
0.7978648009116934,5.571428571428571,-13.751353933117612,0.0,-0.7600866073613792,0.0
0.7978648009116934,5.785714285714286,-12.36902902767777,0.0,-0.714690779111003,0.0
0.7978648009116934,6.0,-13.570031523570629,0.0,-0.7547638050770266,0.0
0.8156742830749009,3.0,-12.050680038791313,0.0,-4.606619819836405,0.0
0.8156742830749009,3.2142857142857144,-8.738153272639572,0.0,-2.638875406030305,0.0
0.8156742830749009,3.4285714285714284,-15.194522762065803,0.0,-3.727528706181295,0.0
0.8156742830749009,3.642857142857143,-2289.972129218702,0.0,-2.1784739659442405,0.0
0.8156742830749009,3.857142857142857,-2242.5187086101273,0.0,-1.9040557698965888,0.0
0.8156742830749009,4.071428571428571,-21.31304293017922,0.0,-2.6411654833846376,0.0
0.8156742830749009,4.285714285714286,-15.842079562887761,0.0,-1.6824667730594882,0.0
0.8156742830749009,4.5,-13.297181972616086,0.0,-2.570188153243464,0.0
0.8156742830749009,4.714285714285714,-11.042238333308822,0.0,-1.7843226051305028,0.0
0.8156742830749009,4.928571428571429,-13.976090695678765,0.0,-1.6030189670577004,0.0
0.8156742830749009,5.142857142857142,-12.392397174176944,0.0,-1.2236956332079196,0.0
0.8156742830749009,5.357142857142858,-13.679642219752683,0.0,-0.9528070025262305,0.0
0.8156742830749009,5.571428571428571,-12.629235433574555,0.0,-0.7379406145471241,0.0
0.8156742830749009,5.785714285714286,-13.79742301345845,0.0,-0.7302328619080117,0.0
0.8156742830749009,6.0,-14.083131658039065,0.0,-0.7573785680126325,0.0
0.8334837652381083,3.0,-7.539201875514816,0.0,-3.7007206465187665,0.0
0.8334837652381083,3.2142857142857144,-9.218145484015716,0.0,-2.98503245220599,0.0
0.8334837652381083,3.4285714285714284,-10.59113217935796,0.0,-2.9898818332651977,0.0
0.8334837652381083,3.642857142857143,-2224.3840111537834,0.0,-2.105880776426654,0.0
0.8334837652381083,3.857142857142857,-2405.787961611255,0.0,-2.00949114849332,0.0
0.8334837652381083,4.071428571428571,-14.332337082707069,0.0,-3.5408363023130076,0.0
0.8334837652381083,4.285714285714286,-5657.23255531367,0.0,-3.1978005586860827,0.0
0.8334837652381083,4.5,-16.228015277381097,0.0,-2.317752681064543,0.0
0.8334837652381083,4.714285714285714,-10.487601883904086,0.0,-1.8211144535941524,0.0
0.8334837652381083,4.928571428571429,-61.74267617667902,0.0,-1.522992910690838,0.0
0.8334837652381083,5.142857142857142,-12.172572067581232,0.0,-1.2363914346064453,0.0
0.8334837652381083,5.357142857142858,-13.912649922266176,0.0,-0.9840155331014742,0.0
0.8334837652381083,5.571428571428571,-13.532266845693908,0.0,-0.8338167142325101,0.0
0.8334837652381083,5.785714285714286,-12.268175940988884,0.0,-0.7576826321475928,0.0
0.8334837652381083,6.0,-12.809911456074937,0.0,-0.764406448537223,0.0
0.8512932474013157,3.0,-7.515444003763449,0.0,-3.9309402138843343,0.0
0.8512932474013157,3.2142857142857144,-9.818034507007518,0.0,-2.934699782494017,0.0
0.8512932474013157,3.4285714285714284,-12.361647086410567,0.0,-3.074990043446832,0.0
0.8512932474013157,3.642857142857143,-27.34168963419178,0.0,-2.1711218260213943,0.0
0.8512932474013157,3.857142857142857,-12.949490284958813,0.0,-1.7898816148587344,0.0
0.8512932474013157,4.071428571428571,-5671.420080396268,0.0,-3.4691506777763808,0.0
0.8512932474013157,4.285714285714286,-5581.727569254052,0.0,-2.516215314390168,0.0
0.8512932474013157,4.5,-5599.213599493055,0.0,-1.9735351293836825,0.0
0.8512932474013157,4.714285714285714,-10.964024484712061,0.0,-1.9824398298283703,0.0
0.8512932474013157,4.928571428571429,-12.25482906302602,0.0,-1.7264690308747204,0.0
0.8512932474013157,5.142857142857142,-50.7383301354697,0.0,-1.2812615636595974,0.0
0.8512932474013157,5.357142857142858,-3911.857830899413,0.0,-1.0543976976738354,0.0
0.8512932474013157,5.571428571428571,-11.928725685796675,0.0,-0.8402955455168786,0.0
0.8512932474013157,5.785714285714286,-12.571887743501241,0.0,-0.7447735459335925,0.0
0.8512932474013157,6.0,-12.702683601705234,0.0,-0.8160464303239048,0.0
0.8691027295645232,3.0,-15.77684557972639,0.0,-4.275623035183996,0.0
0.8691027295645232,3.2142857142857144,-9.301897983542665,0.0,-3.100702616088196,0.0
0.8691027295645232,3.4285714285714284,-17.56362407151627,0.0,-3.280775316391572,0.0
0.8691027295645232,3.642857142857143,-2305.08810419678,0.0,-2.3165878328742515,0.0
0.8691027295645232,3.857142857142857,-2466.766787782647,0.0,-4.888918602544259,0.0
0.8691027295645232,4.071428571428571,-5690.155126504332,0.0,-3.983453307393247,0.0
0.8691027295645232,4.285714285714286,-17.286925410260054,0.0,-4.079462431221078,0.0
0.8691027295645232,4.5,-5494.105262814163,0.0,-3.2041623790796825,0.0
0.8691027295645232,4.714285714285714,-13.310440236814214,0.0,-1.7575410412086405,0.0
0.8691027295645232,4.928571428571429,-13.462073470242062,0.0,-1.6320325404204448,0.0
0.8691027295645232,5.142857142857142,-15.983065761206007,0.0,-1.3781256532538013,0.0
0.8691027295645232,5.357142857142858,-14.486454007883667,0.0,-1.2372619284909623,0.0
0.8691027295645232,5.571428571428571,-17.197515586507734,0.0,-0.872260956140501,0.0
0.8691027295645232,5.785714285714286,-11.744283308775216,0.0,-0.8140177753894242,0.0
0.8691027295645232,6.0,-10.993778313528836,0.0,-0.9615859726079835,0.0
0.8869122117277306,3.0,-10.680369624422452,0.0,-4.566710759866045,0.0
0.8869122117277306,3.2142857142857144,-9.466219796233643,0.0,-3.005019523963841,0.0
0.8869122117277306,3.4285714285714284,-2479.3062283778895,0.0,-4.0281931966497,0.0
0.8869122117277306,3.642857142857143,-2390.3219435984083,0.0,-2.443128572591118,0.0
0.8869122117277306,3.857142857142857,-2321.2864910505505,0.0,-4.633471779355639,0.0
0.8869122117277306,4.071428571428571,-5747.788432379659,0.0,-3.180993494436308,0.0
0.8869122117277306,4.285714285714286,-5708.776006108103,0.0,-4.831808818396065,0.0
0.8869122117277306,4.5,-12.460891096797633,0.0,-3.448569795583564,0.0
0.8869122117277306,4.714285714285714,-14.349292462019681,0.0,-2.060663123418562,0.0
0.8869122117277306,4.928571428571429,-16.377608135693304,0.0,-1.8637719351285018,0.0
0.8869122117277306,5.142857142857142,-15.966981382538192,0.0,-1.5543674727194736,0.0
0.8869122117277306,5.357142857142858,-19.51497527285258,0.0,-1.1227029277419511,0.0
0.8869122117277306,5.571428571428571,-13.862763997656781,0.0,-0.8577859105552387,0.0
0.8869122117277306,5.785714285714286,-14.541304050080004,0.0,-0.7793530585672508,0.0
0.8869122117277306,6.0,-10.79483704400064,0.0,-0.9171556559579739,0.0
0.9047216938909382,3.0,-9.838336388069074,0.0,-4.374488099004535,0.0
0.9047216938909382,3.2142857142857144,-9.883187055468182,0.0,-3.292739573567501,0.0
0.9047216938909382,3.4285714285714284,-2509.191188667243,0.0,-3.212754120290714,0.0
0.9047216938909382,3.642857142857143,-2317.522013814823,0.0,-2.5752753085666207,0.0
0.9047216938909382,3.857142857142857,-17.11248493912245,0.0,-2.079432357844124,0.0
0.9047216938909382,4.071428571428571,-5764.387818793344,0.0,-3.5114602201311547,0.0
0.9047216938909382,4.285714285714286,-5701.806613434948,0.0,-3.89093451602401,0.0
0.9047216938909382,4.5,-62.501584167688584,0.0,-4.289879427927662,0.0
0.9047216938909382,4.714285714285714,-50.65829980124875,0.0,-1.84922674105073,0.0
0.9047216938909382,4.928571428571429,-19.707982338211625,0.0,-1.9438156524379966,0.0
0.9047216938909382,5.142857142857142,-57.087725810483725,0.0,-1.6081350184031278,0.0
0.9047216938909382,5.357142857142858,-18.176397143677757,0.0,-1.2987774544328148,0.0
0.9047216938909382,5.571428571428571,-14.743977020532895,0.0,-0.8894416376765548,0.0
0.9047216938909382,5.785714285714286,-14.441070824518444,0.0,-0.8693103359865176,0.0
0.9047216938909382,6.0,-11.267376877174092,0.0,-0.9849897021515793,0.0
0.9225311760541456,3.0,-18.865460010987064,0.0,-4.477418952666117,0.0
0.9225311760541456,3.2142857142857144,-10.22250764191872,0.0,-3.4354442925710518,0.0
0.9225311760541456,3.4285714285714284,-2466.090721718473,0.0,-3.4663791551354435,0.0
0.9225311760541456,3.642857142857143,-2476.688024217332,0.0,-2.5156067518441128,0.0
0.9225311760541456,3.857142857142857,-61.52175920581006,0.0,-6.124262695274389,0.0
0.9225311760541456,4.071428571428571,-5694.013482369889,0.0,-3.5551834991150257,0.0
0.9225311760541456,4.285714285714286,-5498.849358936036,0.0,-5.969947694381318,0.0
0.9225311760541456,4.5,-53.66601597264079,0.0,-5.899665092803828,0.0
0.9225311760541456,4.714285714285714,-58.44405529627226,0.0,-2.613176153046663,0.0
0.9225311760541456,4.928571428571429,-66.80591335714927,0.0,-2.030914491414386,0.0
0.9225311760541456,5.142857142857142,-15.96743935217955,0.0,-1.652814528928488,0.0
0.9225311760541456,5.357142857142858,-16.018378313101824,0.0,-1.3515246005407648,0.0
0.9225311760541456,5.571428571428571,-13.679048648159968,0.0,-0.9016068191434823,0.0
0.9225311760541456,5.785714285714286,-15.995313537819277,0.0,-0.8507475719529779,0.0
0.9225311760541456,6.0,-15.542923973894878,0.0,-1.0361903436590396,0.0
0.940340658217353,3.0,-7.615976310427147,0.0,-4.80841835133775,0.0
0.940340658217353,3.2142857142857144,-11.295385099562973,0.0,-3.36952383074912,0.0
0.940340658217353,3.4285714285714284,-2547.814280994544,0.0,-3.42372643941039,0.0
0.940340658217353,3.642857142857143,-33.97372712507408,0.0,-2.5145884774808844,0.0
0.940340658217353,3.857142857142857,-50.30939929829717,0.0,-4.363237511857591,0.0
0.940340658217353,4.071428571428571,-5781.852687363821,0.0,-3.888336181707614,0.0
0.940340658217353,4.285714285714286,-5687.333074874798,0.0,-3.567743645826221,0.0
0.940340658217353,4.5,-5557.459299422691,0.0,-4.501543064313087,0.0
0.940340658217353,4.714285714285714,-77.88962419846945,0.0,-2.9355629770512697,0.0
0.940340658217353,4.928571428571429,-14.649216496789798,0.0,-2.1653454778010794,0.0
0.940340658217353,5.142857142857142,-101.22039212679988,0.0,-1.8428877792549638,0.0
0.940340658217353,5.357142857142858,-144.30104943730333,0.0,-1.4466072447966407,0.0
0.940340658217353,5.571428571428571,-19.600435865411608,0.0,-0.9668679086538599,0.0
0.940340658217353,5.785714285714286,-15.572089389764226,0.0,-0.8985966085652431,0.0
0.940340658217353,6.0,-12.702634328366075,0.0,-1.1049331737475965,0.0
0.9581501403805605,3.0,-8.435059100012625,0.0,-5.0343116295152,0.0
0.9581501403805605,3.2142857142857144,-11.757056479148215,0.0,-3.6404842886081203,0.0
0.9581501403805605,3.4285714285714284,-2565.7708336949436,0.0,-4.481451007335063,0.0
0.9581501403805605,3.642857142857143,-2352.0346886632856,0.0,-2.844568145793057,0.0
0.9581501403805605,3.857142857142857,-2365.799881738543,0.0,-4.6494408142506405,0.0
0.9581501403805605,4.071428571428571,-5694.905464758516,0.0,-3.03111496162989,0.0
0.9581501403805605,4.285714285714286,-5657.023183941206,0.0,-6.399075038155664,0.0
0.9581501403805605,4.5,-5522.083015268673,0.0,-5.754962710043513,0.0
0.9581501403805605,4.714285714285714,-15.315345837928843,0.0,-2.8254470343059714,0.0
0.9581501403805605,4.928571428571429,-19.442224602529453,0.0,-2.205732814394721,0.0
0.9581501403805605,5.142857142857142,-107.53104991548437,0.0,-1.7076082293348906,0.0
0.9581501403805605,5.357142857142858,-14.51967627469186,0.0,-1.5409489864167678,0.0
0.9581501403805605,5.571428571428571,-15.859832765521496,0.0,-1.0220381677734702,0.0
0.9581501403805605,5.785714285714286,-19.550606998227465,0.0,-1.0256042349735175,0.0
0.9581501403805605,6.0,-12.570360965007755,0.0,-1.1379488862999927,0.0
0.9759596225437679,3.0,-12.335754464301887,0.0,-4.891162181006323,0.0
0.9759596225437679,3.2142857142857144,-12.556306586209063,0.0,-3.766873865397703,0.0
0.9759596225437679,3.4285714285714284,-2646.4463430873147,0.0,-3.8842379051184066,0.0
0.9759596225437679,3.642857142857143,-2407.415833003724,0.0,-3.438688060034302,0.0
0.9759596225437679,3.857142857142857,-5786.439761826351,0.0,-4.270448312746342,0.0
0.9759596225437679,4.071428571428571,-5796.840123119543,0.0,-3.3126675427741645,0.0
0.9759596225437679,4.285714285714286,-5498.752847406721,0.0,-5.204593186741806,0.0
0.9759596225437679,4.5,-5564.25369520021,0.0,-8.199968779103079,0.0
0.9759596225437679,4.714285714285714,-55.85632575656271,0.0,-2.594773948227545,0.0
0.9759596225437679,4.928571428571429,-13.852094347416877,0.0,-2.051970821561543,0.0
0.9759596225437679,5.142857142857142,-16.80417839628385,0.0,-1.9320704534687663,0.0
0.9759596225437679,5.357142857142858,-136.6420935322141,0.0,-1.5240623642069104,0.0
0.9759596225437679,5.571428571428571,-16.01078027703949,0.0,-1.0043005016221072,0.0
0.9759596225437679,5.785714285714286,-16.225804785587933,0.0,-0.932210448075739,0.0
0.9759596225437679,6.0,-17.58564030307142,0.0,-1.1580380681280633,0.0
0.9937691047069753,3.0,-16.639350207991534,0.0,-5.756508847695826,0.0
0.9937691047069753,3.2142857142857144,-17.584883378746856,0.0,-3.5901131362191676,0.0
0.9937691047069753,3.4285714285714284,-2638.79816235872,0.0,-5.239855509038632,0.0
0.9937691047069753,3.642857142857143,-31.004772652027704,0.0,-3.198017644804004,0.0
0.9937691047069753,3.857142857142857,-5746.146198554564,0.0,-5.729865890595337,0.0
0.9937691047069753,4.071428571428571,-5791.0268494293605,0.0,-3.446124140935765,0.0
0.9937691047069753,4.285714285714286,-5438.160038120891,0.0,-5.179745099012888,0.0
0.9937691047069753,4.5,-5609.985854260071,0.0,-9.005439300969268,0.0
0.9937691047069753,4.714285714285714,-43.291046004313586,0.0,-3.4939033041816767,0.0
0.9937691047069753,4.928571428571429,-17.94795887653354,0.0,-2.3398214321419846,0.0
0.9937691047069753,5.142857142857142,-18.67256886515787,0.0,-2.0372015862827406,0.0
0.9937691047069753,5.357142857142858,-14.656525139681394,0.0,-1.5775212607813873,0.0
0.9937691047069753,5.571428571428571,-19.13938502099839,0.0,-1.190841123002799,0.0
0.9937691047069753,5.785714285714286,-16.290768298659525,0.0,-1.064537244052234,0.0
0.9937691047069753,6.0,-13.568142533942845,0.0,-1.1606569759028669,0.0
1.0115785868701828,3.0,-8.679623599362397,0.0,-6.02094025711926,0.0
1.0115785868701828,3.2142857142857144,-14.155588194873525,0.0,-3.678556573219868,0.0
1.0115785868701828,3.4285714285714284,-2670.079676488867,0.0,-5.407255584308812,0.0
1.0115785868701828,3.642857142857143,-2450.2969892058886,0.0,-3.293734887608146,0.0
1.0115785868701828,3.857142857142857,-64.55518527253133,0.0,-5.116439306816101,0.0
1.0115785868701828,4.071428571428571,-5806.593768505537,0.0,-3.4115280096203544,0.0
1.0115785868701828,4.285714285714286,-5447.8934369277695,0.0,-6.048102290749075,0.0
1.0115785868701828,4.5,-5705.0669997437335,0.0,-7.309912903536854,0.0
1.0115785868701828,4.714285714285714,-68.9933856214125,0.0,-2.8872668629700624,0.0
1.0115785868701828,4.928571428571429,-58.974102849804495,0.0,-2.726510968360743,0.0
1.0115785868701828,5.142857142857142,-15.959623004496557,0.0,-2.062348937993973,0.0
1.0115785868701828,5.357142857142858,-14.957309379534996,0.0,-1.6212422076527444,0.0
1.0115785868701828,5.571428571428571,-15.344521857164592,0.0,-1.1494015040165304,0.0
1.0115785868701828,5.785714285714286,-17.30493035412486,0.0,-1.0866280043877448,0.0
1.0115785868701828,6.0,-11.526695118968878,0.0,-1.2223496690189266,0.0
1.02938806903339,3.0,-17.61117260248089,0.0,-5.716651074851234,0.0
1.02938806903339,3.2142857142857144,-11.034948364500796,0.0,-4.228948363042937,0.0
1.02938806903339,3.4285714285714284,-2583.0231415801504,0.0,-5.278213741268523,0.0
1.02938806903339,3.642857142857143,-2449.514429871604,0.0,-3.3896643227454457,0.0
1.02938806903339,3.857142857142857,-5873.463186963384,0.0,-5.430903395445927,0.0
1.02938806903339,4.071428571428571,-5758.35073008603,0.0,-3.704308064881159,0.0
1.02938806903339,4.285714285714286,-5804.8069595098505,0.0,-7.640375408395526,0.0
1.02938806903339,4.5,-5302.157116408916,0.0,-8.594059989667235,0.0
1.02938806903339,4.714285714285714,-54.60572323241921,0.0,-2.9925057451474415,0.0
1.02938806903339,4.928571428571429,-18.20111243167627,0.0,-2.327516277539807,0.0
1.02938806903339,5.142857142857142,-15.925319116795295,0.0,-2.937729182971053,0.0
1.02938806903339,5.357142857142858,-13.80310334647713,0.0,-1.6557209436976759,0.0
1.02938806903339,5.571428571428571,-18.44913667636182,0.0,-1.1811671112449844,0.0
1.02938806903339,5.785714285714286,-12.06198677986564,0.0,-1.0946362106504284,0.0
1.02938806903339,6.0,-88.90915743886916,0.0,-1.298864666610962,0.0
1.0471975511965976,3.0,-7.2478335004701355,0.0,-6.3087512130208685,0.0
1.0471975511965976,3.2142857142857144,-14.448219269487328,0.0,-4.310884446075606,0.0
1.0471975511965976,3.4285714285714284,-2611.7237088535294,0.0,-6.831618806165607,0.0
1.0471975511965976,3.642857142857143,-2459.9643990294358,0.0,-3.475477071686919,0.0
1.0471975511965976,3.857142857142857,-5874.50252425028,0.0,-7.6485428196150345,0.0
1.0471975511965976,4.071428571428571,-5800.466132273045,0.0,-4.327672813523797,0.0
1.0471975511965976,4.285714285714286,-5858.001860368433,0.0,-7.744456906341944,0.0
1.0471975511965976,4.5,-5520.319556411436,0.0,-15.336433498220844,0.0
1.0471975511965976,4.714285714285714,-42.56254792142429,0.0,-4.160434169487705,0.0
1.0471975511965976,4.928571428571429,-17.120836033241844,0.0,-2.7608480018655737,0.0
1.0471975511965976,5.142857142857142,-19.791856602071075,0.0,-2.3232669040068523,0.0
1.0471975511965976,5.357142857142858,-18.18038251399161,0.0,-1.6567740974621017,0.0
1.0471975511965976,5.571428571428571,-19.860453641631846,0.0,-1.4104411339597018,0.0
1.0471975511965976,5.785714285714286,-13.426879254815498,0.0,-1.1960719726490754,0.0
1.0471975511965976,6.0,-19.3720441656308,0.0,-1.4151406816518157,0.0
