A,T,r1,r2
0.0,3.0,0.0,0.0
0.0,3.2142857142857144,0.0,0.0
0.0,3.4285714285714284,0.0,0.0
0.0,3.642857142857143,0.0,0.0
0.0,3.857142857142857,0.0,0.0
0.0,4.071428571428571,0.0,0.0
0.0,4.285714285714286,0.0,0.0
0.0,4.5,0.0,0.0
0.0,4.714285714285714,0.0,0.0
0.0,4.928571428571429,0.0,0.0
0.0,5.142857142857142,0.0,0.0
0.0,5.357142857142858,0.0,0.0
0.0,5.571428571428571,0.0,0.0
0.0,5.785714285714286,0.0,0.0
0.0,6.0,0.0,0.0
0.015176776104298517,3.0,-0.002360538215800876,-0.004373587928934221
0.015176776104298517,3.2142857142857144,-0.0021641386712073327,-0.003974089248292188
0.015176776104298517,3.4285714285714284,-0.0019881933409371644,-0.003619003798175702
0.015176776104298517,3.642857142857143,-0.001834753873275237,-0.0033184843081736585
0.015176776104298517,3.857142857142857,-0.0016938530832928732,-0.0030422348698114794
0.015176776104298517,4.071428571428571,-0.0015583045911169516,-0.0027879716288921903
0.015176776104298517,4.285714285714286,-0.001454445683792022,-0.0025738118456275967
0.015176776104298517,4.5,-0.0013702519045936633,-0.0023944262584988836
0.015176776104298517,4.714285714285714,-0.0012905625402365253,-0.0022344759163568607
0.015176776104298517,4.928571428571429,-0.0012150723402560726,-0.002087362589040308
0.015176776104298517,5.142857142857142,-0.001143105118752659,-0.0019537099654656376
0.015176776104298517,5.357142857142858,-0.0010815134765727943,-0.0018340007678050768
0.015176776104298517,5.571428571428571,-0.0010267414498278074,-0.0017260965055691884
0.015176776104298517,5.785714285714286,-0.0009791641965416363,-0.0016267818175983992
0.015176776104298517,6.0,-0.0009315264945088708,-0.0015336713288271492
0.030353552208597034,3.0,-0.005739210922522112,-0.010903179565093887
0.030353552208597034,3.2142857142857144,-0.005327995217085264,-0.009988361264824094
0.030353552208597034,3.4285714285714284,-0.004900827754168273,-0.00914075994482443
0.030353552208597034,3.642857142857143,-0.004551628024230583,-0.008448128887853675
0.030353552208597034,3.857142857142857,-0.00418367017418634,-0.007800853376952478
0.030353552208597034,4.071428571428571,-0.003829132923196271,-0.007186621839092878
0.030353552208597034,4.285714285714286,-0.0035562641281911968,-0.006677472486482998
0.030353552208597034,4.5,-0.0033626801968451832,-0.00625819531342257
0.030353552208597034,4.714285714285714,-0.003167621673841678,-0.005876950698330495
0.030353552208597034,4.928571428571429,-0.002980970759849514,-0.005516637955394557
0.030353552208597034,5.142857142857142,-0.0028037559456782274,-0.005186988407952154
0.030353552208597034,5.357142857142858,-0.0026622910299087896,-0.004894767556181956
0.030353552208597034,5.571428571428571,-0.002536622869109286,-0.0046343145047898614
0.030353552208597034,5.785714285714286,-0.0024089806273836323,-0.0043944225238659994
0.030353552208597034,6.0,-0.0022865122305850537,-0.004166565322982958
0.04553032831289555,3.0,-0.00948048585307907,-0.017960414781875024
0.04553032831289555,3.2142857142857144,-0.008800319253867716,-0.016493295540463884
0.04553032831289555,3.4285714285714284,-0.00810258337317793,-0.01508901003334836
0.04553032831289555,3.642857142857143,-0.007582857887711378,-0.013986590725254239
0.04553032831289555,3.857142857142857,-0.007006200527981711,-0.012947409244525334
0.04553032831289555,4.071428571428571,-0.0064128654706573,-0.011937986088741368
0.04553032831289555,4.285714285714286,-0.005960490831980354,-0.01111761731276589
0.04553032831289555,4.5,-0.005675812662902061,-0.010456313006981612
0.04553032831289555,4.714285714285714,-0.005371467256417418,-0.00984556669171088
0.04553032831289555,4.928571428571429,-0.0050398862771922105,-0.009255178926673716
0.04553032831289555,5.142857142857142,-0.004740228747184617,-0.00871360229734254
0.04553032831289555,5.357142857142858,-0.004505828887353144,-0.008240410246617555
0.04553032831289555,5.571428571428571,-0.004278906127348005,-0.007825348657536773
0.04553032831289555,5.785714285714286,-0.004068084963306155,-0.007444483898259407
0.04553032831289555,6.0,-0.0038595048050207867,-0.00707931065854834
0.06070710441719407,3.0,-0.01338825161534857,-0.025441930731056345
0.06070710441719407,3.2142857142857144,-0.012619103015465472,-0.023364224000200544
0.06070710441719407,3.4285714285714284,-0.011663241181207136,-0.021322466185263716
0.06070710441719407,3.642857142857143,-0.010885168171908212,-0.01978103033721436
0.06070710441719407,3.857142857142857,-0.010104364995303039,-0.01832134189224318
0.06070710441719407,4.071428571428571,-0.009227737465830383,-0.01687624747410084
0.06070710441719407,4.285714285714286,-0.00857462436135319,-0.01572464953029831
0.06070710441719407,4.5,-0.00815052358784902,-0.014816465872538329
0.06070710441719407,4.714285714285714,-0.007759045602697883,-0.013966186931740867
0.06070710441719407,4.928571428571429,-0.00727600996297784,-0.013127837224905688
0.06070710441719407,5.142857142857142,-0.006833359042442532,-0.012358178341648108
0.06070710441719407,5.357142857142858,-0.006460159602384754,-0.011696077799765963
0.06070710441719407,5.571428571428571,-0.006135321264299351,-0.011125524642301767
0.06070710441719407,5.785714285714286,-0.005879908564326264,-0.010604999826439363
0.06070710441719407,6.0,-0.005592239282646318,-0.010102060599870993
0.07588388052149259,3.0,-0.017665720944832975,-0.033410146738388644
0.07588388052149259,3.2142857142857144,-0.015997444305206936,-0.03064389832334972
0.07588388052149259,3.4285714285714284,-0.014835715306522014,-0.02786757865646443
0.07588388052149259,3.642857142857143,-0.014050650577595606,-0.025844914808917194
0.07588388052149259,3.857142857142857,-0.013187418130057239,-0.02392560959482466
0.07588388052149259,4.071428571428571,-0.012121111990066769,-0.021995698726591073
0.07588388052149259,4.285714285714286,-0.011415424324032438,-0.020485597126180213
0.07588388052149259,4.5,-0.010877084351760415,-0.0193195399033802
0.07588388052149259,4.714285714285714,-0.010306056760301868,-0.018214442339226557
0.07588388052149259,4.928571428571429,-0.009653281120386424,-0.01710575237524161
0.07588388052149259,5.142857142857142,-0.00905593011167339,-0.01608807324899477
0.07588388052149259,5.357142857142858,-0.008515650135415016,-0.01522599785729599
0.07588388052149259,5.571428571428571,-0.008120013604043168,-0.014496512262313724
0.07588388052149259,5.785714285714286,-0.007809668164478517,-0.013835560037013115
0.07588388052149259,6.0,-0.007419530633441969,-0.013192721468584549
0.0910606566257911,3.0,-0.021760595623380556,-0.04194935097005035
0.0910606566257911,3.2142857142857144,-0.020791250679238454,-0.03840191715498564
0.0910606566257911,3.4285714285714284,-0.018976835453686964,-0.03478139694638883
0.0910606566257911,3.642857142857143,-0.017645634397383356,-0.03222493765350928
0.0910606566257911,3.857142857142857,-0.01592181035858099,-0.029798193115156375
0.0910606566257911,4.071428571428571,-0.014737379518323223,-0.02732691699357209
0.0910606566257911,4.285714285714286,-0.013990249031203996,-0.02542469404043919
0.0910606566257911,4.5,-0.0134900460630286,-0.02398428042181244
0.0910606566257911,4.714285714285714,-0.01280171770427062,-0.022604260123758633
0.0910606566257911,4.928571428571429,-0.012056590644234432,-0.021198602202993345
0.0910606566257911,5.142857142857142,-0.011312861658251211,-0.019909255311959275
0.0910606566257911,5.357142857142858,-0.01074115550204253,-0.018832932600793193
0.0910606566257911,5.571428571428571,-0.010276144367297027,-0.017938309174674774
0.0910606566257911,5.785714285714286,-0.00984228021257637,-0.01713376764123132
0.0910606566257911,6.0,-0.009349237213629085,-0.016346812620338755
0.10623743273008962,3.0,-0.027821281438930145,-0.05113729438548064
0.10623743273008962,3.2142857142857144,-0.024187239947107968,-0.04670553241490446
0.10623743273008962,3.4285714285714284,-0.021809467598362595,-0.042121912213352035
0.10623743273008962,3.642857142857143,-0.021125220094369672,-0.03897130095407278
0.10623743273008962,3.857142857142857,-0.019745367291163687,-0.035982588998560223
0.10623743273008962,4.071428571428571,-0.017925727640260593,-0.03290757941658674
0.10623743273008962,4.285714285714286,-0.01675763675013394,-0.030574553944602494
0.10623743273008962,4.5,-0.01566550458428062,-0.028838859915331905
0.10623743273008962,4.714285714285714,-0.015082081040347046,-0.027159856624222378
0.10623743273008962,4.928571428571429,-0.014290580136271538,-0.025427053413963736
0.10623743273008962,5.142857142857142,-0.013442250966900498,-0.02383924429578118
0.10623743273008962,5.357142857142858,-0.012759214310280756,-0.022531640512781663
0.10623743273008962,5.571428571428571,-0.012236872614498523,-0.02146325392793059
0.10623743273008962,5.785714285714286,-0.011809396588230433,-0.02050982660115137
0.10623743273008962,6.0,-0.011290992193853634,-0.019572643802706177
0.12141420883438814,3.0,-0.0315629293203473,-0.06103967396485147
0.12141420883438814,3.2142857142857144,-0.027577192515441697,-0.055613100671877295
0.12141420883438814,3.4285714285714284,-0.027802533096645623,-0.04994076356596408
0.12141420883438814,3.642857142857143,-0.023771169198334958,-0.04612989453523309
0.12141420883438814,3.857142857142857,-0.0224040266273664,-0.04251962903371671
0.12141420883438814,4.071428571428571,-0.021015085151221618,-0.03877404236498757
0.12141420883438814,4.285714285714286,-0.019851433037884884,-0.03596758900855799
0.12141420883438814,4.5,-0.019122778782730884,-0.03391219152153895
0.12141420883438814,4.714285714285714,-0.017970192514948413,-0.03190698671042298
0.12141420883438814,4.928571428571429,-0.01671166454417505,-0.0298139840222407
0.12141420883438814,5.142857142857142,-0.015157260275266074,-0.02789833798990623
0.12141420883438814,5.357142857142858,-0.014578158972727875,-0.026340135209027223
0.12141420883438814,5.571428571428571,-0.0141640460530116,-0.025087341779772652
0.12141420883438814,5.785714285714286,-0.01366068430623876,-0.023977935242783608
0.12141420883438814,6.0,-0.013150965180853486,-0.022882803066180877
0.13659098493868665,3.0,-0.0390734511595776,-0.07171019945997836
0.13659098493868665,3.2142857142857144,-0.0323077483167514,-0.06517332437258594
0.13659098493868665,3.4285714285714284,-0.030157224112360353,-0.05828185552881153
0.13659098493868665,3.642857142857143,-0.030418482249788683,-0.05374044649748742
0.13659098493868665,3.857142857142857,-0.03093515007526337,-0.04944528149776219
0.13659098493868665,4.071428571428571,-0.023367235969788035,-0.04495887614423208
0.13659098493868665,4.285714285714286,-0.021741423275377238,-0.04163333626554201
0.13659098493868665,4.5,-0.0215707711567364,-0.03923109004055299
0.13659098493868665,4.714285714285714,-0.020782254491690935,-0.03686997348524154
0.13659098493868665,4.928571428571429,-0.01927211064774663,-0.034381410808057976
0.13659098493868665,5.142857142857142,-0.018011526048187655,-0.03210646119614122
0.13659098493868665,5.357142857142858,-0.017061490807840515,-0.030276476459392087
0.13659098493868665,5.571428571428571,-0.01558439313731287,-0.02882697540370002
0.13659098493868665,5.785714285714286,-0.015188824352852386,-0.027553011502002206
0.13659098493868665,6.0,-0.014778908679242838,-0.02629086892316329
0.15176776104298517,3.0,-0.05056166008488775,-0.08319278518779952
0.15176776104298517,3.2142857142857144,-0.04637961716967051,-0.07542635078569812
0.15176776104298517,3.4285714285714284,-0.036473972556918095,-0.06718181030047343
0.15176776104298517,3.642857142857143,-0.028259183009701278,-0.061836554938051784
0.15176776104298517,3.857142857142857,-0.028335180379743464,-0.05679038635630828
0.15176776104298517,4.071428571428571,-0.02864231633777118,-0.05149037024026353
0.15176776104298517,4.285714285714286,-0.03090581337696978,-0.04759777794866935
0.15176776104298517,4.5,-0.028318889463955874,-0.04481944133102851
0.15176776104298517,4.714285714285714,-0.022787660643555516,-0.04207075381206839
0.15176776104298517,4.928571428571429,-0.021223098877566175,-0.03914943347418074
0.15176776104298517,5.142857142857142,-0.02016649245004396,-0.036482026810097753
0.15176776104298517,5.357142857142858,-0.019201575175052842,-0.0343575634414884
0.15176776104298517,5.571428571428571,-0.01849369312080508,-0.03269770327524472
0.15176776104298517,5.785714285714286,-0.017605712115356123,-0.03124938726104183
0.15176776104298517,6.0,-0.016823048795185057,-0.029810069701561755
0.1669445371472837,3.0,-0.04692332764400322,-0.09552398460032967
0.1669445371472837,3.2142857142857144,-0.052388808317873674,-0.08640593242118064
0.1669445371472837,3.4285714285714284,-0.046688248161129965,-0.07667160973746005
0.1669445371472837,3.642857142857143,-0.039257858696531304,-0.07044676910682789
0.1669445371472837,3.857142857142857,-0.03147203754910021,-0.0645812670763976
0.1669445371472837,4.071428571428571,-0.030043839291492385,-0.0583928327812804
0.1669445371472837,4.285714285714286,-0.027203807486592374,-0.05388343444773475
0.1669445371472837,4.5,-0.029417075572298886,-0.05069814688576407
0.1669445371472837,4.714285714285714,-0.027199040730702468,-0.04752870912402958
0.1669445371472837,4.928571428571429,-0.028463670716368527,-0.04413597483473201
0.1669445371472837,5.142857142857142,-0.02178369619442499,-0.04104160247801587
0.1669445371472837,5.357142857142858,-0.02068851825780815,-0.03859874135343972
0.1669445371472837,5.571428571428571,-0.020156448316612806,-0.03671377745375183
0.1669445371472837,5.785714285714286,-0.0196596481929491,-0.035080326386187126
0.1669445371472837,6.0,-0.018949403177783212,-0.033452769003367494
0.1821213132515822,3.0,-0.056113385305392775,-0.10873454866524775
0.1821213132515822,3.2142857142857144,-0.049416705774114514,-0.09814069564513932
0.1821213132515822,3.4285714285714284,-0.04681763095314078,-0.08677765810923842
0.1821213132515822,3.642857142857143,-0.048382308991327234,-0.07959556338498248
0.1821213132515822,3.857142857142857,-0.041432970769393576,-0.07284063074865527
0.1821213132515822,4.071428571428571,-0.03338188630097672,-0.06568732446949839
0.1821213132515822,4.285714285714286,-0.029604426404878998,-0.060509920689286054
0.1821213132515822,4.5,-0.030343481053428895,-0.05688553766122892
0.1821213132515822,4.714285714285714,-0.027650653047022872,-0.053260973131911644
0.1821213132515822,4.928571428571429,-0.02858179375195623,-0.04935700651117753
0.1821213132515822,5.142857142857142,-0.03025872705779936,-0.04580006698969086
0.1821213132515822,5.357142857142858,-0.026946781907455666,-0.043013894608404754
0.1821213132515822,5.571428571428571,-0.021806754549978293,-0.04088818573478735
0.1821213132515822,5.785714285714286,-0.02101984926668938,-0.0390579957452129
0.1821213132515822,6.0,-0.02053772034974018,-0.03723037543269699
0.19729808935588072,3.0,-0.0679264222662717,-0.12284889302556404
0.19729808935588072,3.2142857142857144,-0.057455294122542785,-0.11065423724632018
0.19729808935588072,3.4285714285714284,-0.047925775174927694,-0.09752238936521625
0.19729808935588072,3.642857142857143,-0.0685533133081242,-0.0893040999764333
0.19729808935588072,3.857142857142857,-0.049492984332022566,-0.08158819248470245
0.19729808935588072,4.071428571428571,-0.043382870302355665,-0.07339214107820732
0.19729808935588072,4.285714285714286,-0.03876817827389512,-0.06749432037204896
0.19729808935588072,4.5,-0.033819187922793294,-0.06339766035519542
0.19729808935588072,4.714285714285714,-0.030584837025988514,-0.05928264497181711
0.19729808935588072,4.928571428571429,-0.028938540163904253,-0.054826699537946354
0.19729808935588072,5.142857142857142,-0.029380383933352537,-0.05077070611646323
0.19729808935588072,5.357142857142858,-0.026939731469426468,-0.04761549473169056
0.19729808935588072,5.571428571428571,-0.03008236210933877,-0.045232659683581734
0.19729808935588072,5.785714285714286,-0.027906139254179608,-0.04319344275613421
0.19729808935588072,6.0,-0.022143142402137227,-0.04115329904235257
0.21247486546017924,3.0,-0.0824502777213492,-0.13788637500835774
0.21247486546017924,3.2142857142857144,-0.0669580841702487,-0.1239654553334068
0.21247486546017924,3.4285714285714284,-0.05464299038363851,-0.10892394637983667
0.21247486546017924,3.642857142857143,-0.04936017437838906,-0.09958979131527539
0.21247486546017924,3.857142857142857,-0.053495753351261936,-0.09084050562465722
0.21247486546017924,4.071428571428571,-0.049218053637973644,-0.08152288452206406
0.21247486546017924,4.285714285714286,-0.04574652164142749,-0.07485137671209376
0.21247486546017924,4.5,-0.043665582383998584,-0.0702485042992339
0.21247486546017924,4.714285714285714,-0.038690924633215065,-0.06560701200914776
0.21247486546017924,4.928571428571429,-0.031221464238794575,-0.06055762663729637
0.21247486546017924,5.142857142857142,-0.029899167211186965,-0.05596538609353369
0.21247486546017924,5.357142857142858,-0.027058008079491002,-0.05241473910314997
0.21247486546017924,5.571428571428571,-0.02878166494655486,-0.04975777378870803
0.21247486546017924,5.785714285714286,-0.027335414296252126,-0.0474966518928052
0.21247486546017924,6.0,-0.03034931965932065,-0.045230966190668874
0.22765164156447776,3.0,-0.1024369574588911,-0.1538624432852153
0.22765164156447776,3.2142857142857144,-0.07675938131181965,-0.13808964855595093
0.22765164156447776,3.4285714285714284,-0.06306588856500236,-0.12099714969908118
0.22765164156447776,3.642857142857143,-0.05605435476083046,-0.11046699411873133
0.22765164156447776,3.857142857142857,-0.050236606978575966,-0.10061133568892312
0.22765164156447776,4.071428571428571,-0.0682379880847348,-0.0900926309675332
0.22765164156447776,4.285714285714286,-0.04937097500090041,-0.08259355296007181
0.22765164156447776,4.5,-0.04859360981959504,-0.07744999566314639
0.22765164156447776,4.714285714285714,-0.04565667615255983,-0.07224549223517597
0.22765164156447776,4.928571428571429,-0.03941747888412292,-0.06656066526519326
0.22765164156447776,5.142857142857142,-0.03249914462822978,-0.06139443395003866
0.22765164156447776,5.357142857142858,-0.02849815879173715,-0.05742142713639112
0.22765164156447776,5.571428571428571,-0.029040018001058668,-0.05447283517406611
0.22765164156447776,5.785714285714286,-0.026988993733736533,-0.051976461525994305
0.22765164156447776,6.0,-0.02885535417352596,-0.04947176987629451
0.24282841766877628,3.0,-0.12255178069318053,-0.17078945714806196
0.24282841766877628,3.2142857142857144,-0.0885923709125136,-0.15303922772771458
0.24282841766877628,3.4285714285714284,-0.07118281867292235,-0.1337541364178162
0.24282841766877628,3.642857142857143,-0.06365363237391099,-0.12194759375000891
0.24282841766877628,3.857142857142857,-0.056327924411022065,-0.11091219494852808
0.24282841766877628,4.071428571428571,-0.049430703057729085,-0.09911240157058479
0.24282841766877628,4.285714285714286,-0.045119954632521456,-0.09073143805210103
0.24282841766877628,4.5,-0.06738116025234432,-0.08501234617235381
0.24282841766877628,4.714285714285714,-0.04881044068583378,-0.07920793548308466
0.24282841766877628,4.928571428571429,-0.04526207425020286,-0.07284525927584183
0.24282841766877628,5.142857142857142,-0.04062507239584968,-0.06706686570006161
0.24282841766877628,5.357142857142858,-0.03457557009113384,-0.06264415958510516
0.24282841766877628,5.571428571428571,-0.031040609193109445,-0.059386056597000074
0.24282841766877628,5.785714285714286,-0.028411431435342853,-0.056640711226416764
0.24282841766877628,6.0,-0.02879562340436685,-0.05388319188545493
0.2580051937730748,3.0,-0.14236460295976494,-0.18867730692055418
0.2580051937730748,3.2142857142857144,-0.10281112426101739,-0.1688242710774209
0.2580051937730748,3.4285714285714284,-0.08069697924847019,-0.1472048485833908
0.2580051937730748,3.642857142857143,-0.07232549556658835,-0.13404143373816577
0.2580051937730748,3.857142857142857,-0.06361630464986738,-0.1217527177306895
0.2580051937730748,4.071428571428571,-0.054975432646168124,-0.10859149103782344
0.2580051937730748,4.285714285714286,-0.0508415835302094,-0.09927403422062493
0.2580051937730748,4.5,-0.04814500718907692,-0.09294430484235548
0.2580051937730748,4.714285714285714,-0.04437016314586568,-0.08650284511793205
0.2580051937730748,4.928571428571429,-0.0485269375809535,-0.07941961430076795
0.2580051937730748,5.142857142857142,-0.044641093306229465,-0.07299055821475807
0.2580051937730748,5.357142857142858,-0.04170482761674442,-0.06809048822130406
0.2580051937730748,5.571428571428571,-0.03764804989989183,-0.06450468563857602
0.2580051937730748,5.785714285714286,-0.03376815193254346,-0.06149635249349358
0.2580051937730748,6.0,-0.0302107434387251,-0.05847189678737367
0.2731819698773733,3.0,-0.16323930208199758,-0.2075339204006659
0.2731819698773733,3.2142857142857144,-0.12022239335696548,-0.18545296725480073
0.2731819698773733,3.4285714285714284,-0.09102787977503878,-0.16135742889447255
0.2731819698773733,3.642857142857143,-0.08049231950768844,-0.14675666438802093
0.2731819698773733,3.857142857142857,-0.07074967526527273,-0.13314096666572905
0.2731819698773733,4.071428571428571,-0.06179090803469881,-0.11853773509217222
0.2731819698773733,4.285714285714286,-0.056335802866283716,-0.10822899200063502
0.2731819698773733,4.5,-0.05326029285510561,-0.10125336567657012
0.2731819698773733,4.714285714285714,-0.049436309728157546,-0.09413756101077457
0.2731819698773733,4.928571428571429,-0.043827989245218316,-0.0862908595415529
0.2731819698773733,5.142857142857142,-0.0476143210688654,-0.0791723918446097
0.2731819698773733,5.357142857142858,-0.04489312016825888,-0.07376704179806219
0.2731819698773733,5.571428571428571,-0.0432190802179329,-0.06983511547963449
0.2731819698773733,5.785714285714286,-0.04047344047852882,-0.06654954577843068
0.2731819698773733,6.0,-0.036199436143265006,-0.06324381687711436
0.2883587459816718,3.0,-0.18471684728231502,-0.22736566271597852
0.2883587459816718,3.2142857142857144,-0.14118324999114884,-0.20293197792707446
0.2883587459816718,3.4285714285714284,-0.10756195762949518,-0.17621854144023535
0.2883587459816718,3.642857142857143,-0.08986918875452184,-0.16010002914537613
0.2883587459816718,3.857142857142857,-0.07933863824518728,-0.1450836850817801
0.2883587459816718,4.071428571428571,-0.06806893319936455,-0.12895773540009897
0.2883587459816718,4.285714285714286,-0.0622340038154081,-0.11760281035287586
0.2883587459816718,4.5,-0.05930966309140431,-0.10994594495142272
0.2883587459816718,4.714285714285714,-0.0543196912370751,-0.10211841699806304
0.2883587459816718,4.928571428571429,-0.04875528663227806,-0.09346518733135178
0.2883587459816718,5.142857142857142,-0.04298320256343931,-0.08561837478428586
0.2883587459816718,5.357142857142858,-0.04750100118985196,-0.07967963628802066
0.2883587459816718,5.571428571428571,-0.045683862610774235,-0.07538298305955964
0.2883587459816718,5.785714285714286,-0.04419187745494253,-0.07180574769364904
0.2883587459816718,6.0,-0.0424751665677892,-0.06820422970615753
0.30353552208597034,3.0,-0.20471188420078998,-0.24817765718963844
0.30353552208597034,3.2142857142857144,-0.16051354320334021,-0.22126672649397064
0.30353552208597034,3.4285714285714284,-0.1213819199893005,-0.19179364114832187
0.30353552208597034,3.642857142857143,-0.1000444760968624,-0.1740771041714997
0.30353552208597034,3.857142857142857,-0.08798577412704996,-0.15758651319044747
0.30353552208597034,4.071428571428571,-0.07521786786799306,-0.13985704924998169
0.30353552208597034,4.285714285714286,-0.06921046469086996,-0.1274010058095182
0.30353552208597034,4.5,-0.06548646597380575,-0.11902753196685073
0.30353552208597034,4.714285714285714,-0.06014520689995905,-0.11045087622292583
0.30353552208597034,4.928571428571429,-0.05304037243072032,-0.10094797453562718
0.30353552208597034,5.142857142857142,-0.04729632311873894,-0.09233375150620697
0.30353552208597034,5.357142857142858,-0.04327445890797342,-0.0858333722662457
0.30353552208597034,5.571428571428571,-0.07149281626086651,-0.08115325639877594
0.30353552208597034,5.785714285714286,-0.04700235788315654,-0.07726978943786734
0.30353552208597034,6.0,-0.04555998285469315,-0.07335782822285203
0.31871229819026886,3.0,-0.22243171173675844,-0.26997403594807123
0.31871229819026886,3.2142857142857144,-0.17820617961296073,-0.24046164246001342
0.31871229819026886,3.4285714285714284,-0.13627697714030276,-0.20808718838467521
0.31871229819026886,3.642857142857143,-0.1158247780234513,-0.1886924981055465
0.31871229819026886,3.857142857142857,-0.09710704689068271,-0.17065416427947058
0.31871229819026886,4.071428571428571,-0.08344853927702975,-0.15124035017915788
0.31871229819026886,4.285714285714286,-0.07574822553819852,-0.13762825711114718
0.31871229819026886,4.5,-0.07200172501133084,-0.12850282029797325
0.31871229819026886,4.714285714285714,-0.06606759150218268,-0.11913964769820015
0.31871229819026886,4.928571428571429,-0.05838986507668986,-0.10874388761339325
0.31871229819026886,5.142857142857142,-0.05141972489579091,-0.09932309750780285
0.31871229819026886,5.357142857142858,-0.04738867451206879,-0.09223272072318754
0.31871229819026886,5.571428571428571,-0.044494261585757394,-0.08715031178188003
0.31871229819026886,5.785714285714286,-0.04677760258539622,-0.08294594648155114
0.31871229819026886,6.0,-0.048404759354797856,-0.07870878386899449
0.3338890742945674,3.0,-0.2485663531477895,-0.29275815375168807
0.3338890742945674,3.2142857142857144,-0.19766523152377163,-0.2605203456526335
0.3338890742945674,3.4285714285714284,-0.15099719085106333,-0.2251028343470735
0.3338890742945674,3.642857142857143,-0.12860708399234222,-0.20395001859353454
0.3338890742945674,3.857142857142857,-0.11047007364472043,-0.18429057702185622
0.3338890742945674,4.071428571428571,-0.0916489768482363,-0.16311156448397
0.3338890742945674,4.285714285714286,-0.08310163311003216,-0.14828853001377704
0.3338890742945674,4.5,-0.07887657018346433,-0.1383758188163026
0.3338890742945674,4.714285714285714,-0.07227511329228327,-0.1281887883643935
0.3338890742945674,4.928571428571429,-0.06382146663385602,-0.11685697395291868
0.3338890742945674,5.142857142857142,-0.05625852507686005,-0.10659040250980421
0.3338890742945674,5.357142857142858,-0.051049565713832436,-0.09888159751136873
0.3338890742945674,5.571428571428571,-0.048537903465979304,-0.09337800206899549
0.3338890742945674,5.785714285714286,-0.046334852177912306,-0.08883800062011268
0.3338890742945674,6.0,-0.07169690288745316,-0.08426080273357041
0.3490658503988659,3.0,-0.26924108058085333,-0.31653276067631575
0.3490658503988659,3.2142857142857144,-0.21653587319480036,-0.28144581552095693
0.3490658503988659,3.4285714285714284,-0.16717673144273895,-0.2428435683534478
0.3490658503988659,3.642857142857143,-0.14256425740359913,-0.2198528095146984
0.3490658503988659,3.857142857142857,-0.12117387742765202,-0.19849904418407374
0.3490658503988659,4.071428571428571,-0.10022819868975363,-0.17547398826105232
0.3490658503988659,4.285714285714286,-0.09074449414418272,-0.15938518068223953
0.3490658503988659,4.5,-0.08612130174729238,-0.1486499485394603
0.3490658503988659,4.714285714285714,-0.07885370409377686,-0.13760179016772883
0.3490658503988659,4.928571428571429,-0.06995780419341774,-0.12529074214529867
0.3490658503988659,5.142857142857142,-0.06127926657275117,-0.11413914260089013
0.3490658503988659,5.357142857142858,-0.05590303259288057,-0.10578343028705897
0.3490658503988659,5.571428571428571,-0.05235345825210787,-0.09983971680743503
0.3490658503988659,5.785714285714286,-0.05036348181787457,-0.09494929481247419
0.3490658503988659,6.0,-0.047676162385534925,-0.09001717615541376
0.3642426265031644,3.0,-0.2893839431365224,-0.3413001165890792
0.3642426265031644,3.2142857142857144,-0.2376713315655129,-0.30324051814497366
0.3642426265031644,3.4285714285714284,-0.18522760967400237,-0.2613118445404398
0.3642426265031644,3.642857142857143,-0.15693584761295543,-0.23640346850372215
0.3642426265031644,3.857142857142857,-0.13264851470121333,-0.21328231802224681
0.3642426265031644,4.071428571428571,-0.11249853136386972,-0.1883303836546292
0.3642426265031644,4.285714285714286,-0.09868106490749785,-0.17092105012346
0.3642426265031644,4.5,-0.09370438325622553,-0.159328125966533
0.3642426265031644,4.714285714285714,-0.08573178247400558,-0.14738165612629076
0.3642426265031644,4.928571428571429,-0.075471313105102,-0.13404823106912958
0.3642426265031644,5.142857142857142,-0.06645807286090218,-0.12197234401891291
0.3642426265031644,5.357142857142858,-0.0606481031909634,-0.11294121615164396
0.3642426265031644,5.571428571428571,-0.05689457605770596,-0.1065384360808135
0.3642426265031644,5.785714285714286,-0.05416903376589763,-0.10128278223768718
0.3642426265031644,6.0,-0.051623124431233736,-0.09598082489488019
0.37941940260746293,3.0,-0.31666951308545993,-0.3670621214940621
0.37941940260746293,3.2142857142857144,-0.25928752105000485,-0.3259065081914715
0.37941940260746293,3.4285714285714284,-0.20382042299174538,-0.28050968084043926
0.37941940260746293,3.642857142857143,-0.17276019090534012,-0.253604150049837
0.37941940260746293,3.857142857142857,-0.14482054401600727,-0.2286427020371659
0.37941940260746293,4.071428571428571,-0.12231689935141483,-0.20168306513879442
0.37941940260746293,4.285714285714286,-0.11054254060039556,-0.18289853717778312
0.37941940260746293,4.5,-0.10171804096234299,-0.17041283434181878
0.37941940260746293,4.714285714285714,-0.09293677070452622,-0.15753096663525074
0.37941940260746293,4.928571428571429,-0.08170314359061329,-0.14313207017039734
0.37941940260746293,5.142857142857142,-0.0718349293813475,-0.1300926382672657
0.37941940260746293,5.357142857142858,-0.06555694841506196,-0.12035757221256489
0.37941940260746293,5.571428571428571,-0.06119026700575796,-0.11347677639348022
0.37941940260746293,5.785714285714286,-0.05866157290670513,-0.10784106951871389
0.37941940260746293,6.0,-0.05517476913165832,-0.10215433952419163
0.39459617871176145,3.0,-0.3410766415934742,-0.39382040115342704
0.39459617871176145,3.2142857142857144,-0.2807540718765593,-0.34944551627720666
0.39459617871176145,3.4285714285714284,-0.22192172622788348,-0.3004387456211178
0.39459617871176145,3.642857142857143,-0.18871713810457366,-0.2714566387424098
0.39459617871176145,3.857142857142857,-0.15824026952624726,-0.244582129482768
0.39459617871176145,4.071428571428571,-0.13264409017071385,-0.2155339718530152
0.39459617871176145,4.285714285714286,-0.11962303526213282,-0.1953196709636403
0.39459617871176145,4.5,-0.11386771458422497,-0.1819061860560121
0.39459617871176145,4.714285714285714,-0.10050133278585514,-0.16805193681841388
0.39459617871176145,4.928571428571429,-0.08821047038691032,-0.15254453282850272
0.39459617871176145,5.142857142857142,-0.07747907975757665,-0.1385023112656312
0.39459617871176145,5.357142857142858,-0.07067101945663297,-0.12803478149059758
0.39459617871176145,5.571428571428571,-0.0659278683331076,-0.1206570334155846
0.39459617871176145,5.785714285714286,-0.0629243314093434,-0.11462645483286149
0.39459617871176145,6.0,-0.05976742949444442,-0.10854001539114197
0.40977295481605996,3.0,-0.3626917059758776,-0.42157636195878273
0.40977295481605996,3.2142857142857144,-0.30388784881970143,-0.3738590317930173
0.40977295481605996,3.4285714285714284,-0.24020391454818457,-0.32110042767133923
0.40977295481605996,3.642857142857143,-0.2061653720680626,-0.2899624227329918
0.40977295481605996,3.857142857142857,-0.1722605104255614,-0.26110223082299083
0.40977295481605996,4.071428571428571,-0.143657867962117,-0.22988472579893668
0.40977295481605996,4.285714285714286,-0.12908576121042137,-0.20818616319797506
0.40977295481605996,4.5,-0.12282164474016612,-0.19380997673256176
0.40977295481605996,4.714285714285714,-0.11195233580550988,-0.17894646614201173
0.40977295481605996,4.928571428571429,-0.09499444255887357,-0.1622875820754942
0.40977295481605996,5.142857142857142,-0.08337957428995996,-0.14720334570543325
0.40977295481605996,5.357142857142858,-0.07595470162529518,-0.13597483177848368
0.40977295481605996,5.571428571428571,-0.07128550968201848,-0.12808121763742436
0.40977295481605996,5.785714285714286,-0.06760726416889186,-0.12164096200542021
0.40977295481605996,6.0,-0.06424910742824097,-0.11513988422663331
0.4249497309203585,3.0,-0.39356790924068824,-0.4503312834588349
0.4249497309203585,3.2142857142857144,-0.3236232749383107,-0.3991483517086077
0.4249497309203585,3.4285714285714284,-0.26096485706879363,-0.3424959070496769
0.4249497309203585,3.642857142857143,-0.22123681834163,-0.30912275549982215
0.4249497309203585,3.857142857142857,-0.18688641152359506,-0.2782043794673881
0.4249497309203585,4.071428571428571,-0.15545584308602692,-0.24473668632127238
0.4249497309203585,4.285714285714286,-0.13884555900098838,-0.22149946067647985
0.4249497309203585,4.5,-0.1321590428330979,-0.20612573042564236
0.4249497309203585,4.714285714285714,-0.12034587828412827,-0.1902161818129205
0.4249497309203585,4.928571428571429,-0.10544214164402797,-0.17236291082433705
0.4249497309203585,5.142857142857142,-0.08949553193129314,-0.15619745858762374
0.4249497309203585,5.357142857142858,-0.08148335810117419,-0.1441794506596074
0.4249497309203585,5.571428571428571,-0.07650657333297646,-0.13575108734896094
0.4249497309203585,5.785714285714286,-0.07242852069141391,-0.12888637075108755
0.4249497309203585,6.0,-0.06885957994766188,-0.12195574227070557
0.440126507024657,3.0,-0.4241374284475158,-0.48008635276625605
0.440126507024657,3.2142857142857144,-0.34775925959627174,-0.42531464112626294
0.440126507024657,3.4285714285714284,-0.2781398604526724,-0.3646261840436475
0.440126507024657,3.642857142857143,-0.24029516291304867,-0.3289387000476966
0.440126507024657,3.857142857142857,-0.20223425677377357,-0.2958897537815796
0.440126507024657,4.071428571428571,-0.1676988355657384,-0.2600909954848428
0.440126507024657,4.285714285714286,-0.14823391498875912,-0.23526078733285935
0.440126507024657,4.5,-0.14191083791239162,-0.21885474008446335
0.440126507024657,4.714285714285714,-0.12905231220698557,-0.20186247648539277
0.440126507024657,4.928571428571429,-0.11295809677363103,-0.18277197789859154
0.440126507024657,5.142857142857142,-0.09584313455044285,-0.16548613382798363
0.440126507024657,5.357142857142858,-0.08724503090210559,-0.15265013583717865
0.440126507024657,5.571428571428571,-0.08185964412454204,-0.1436681772036534
0.440126507024657,5.785714285714286,-0.0774634472191689,-0.13636424352006007
0.440126507024657,6.0,-0.07335056607271206,-0.1289891751107526
0.4553032831289555,3.0,-0.44344712204012965,-0.5108427157849155
0.4553032831289555,3.2142857142857144,-0.36591778561842164,-0.45235897071238484
0.4553032831289555,3.4285714285714284,-0.2980870839417495,-0.3874921349530605
0.4553032831289555,3.642857142857143,-0.2575379186811164,-0.3494111669645252
0.4553032831289555,3.857142857142857,-0.21779353981206487,-0.3141593654191913
0.4553032831289555,4.071428571428571,-0.17949435446031267,-0.27594861437759927
0.4553032831289555,4.285714285714286,-0.16022675332213185,-0.24947117956662304
0.4553032831289555,4.5,-0.15204368169709553,-0.23199810394591552
0.4553032831289555,4.714285714285714,-0.13812316032599783,-0.21388654155192557
0.4553032831289555,4.928571428571429,-0.12072301245060664,-0.19351603749300123
0.4553032831289555,5.142857142857142,-0.10242242574283636,-0.1750706511614531
0.4553032831289555,5.357142857142858,-0.09320049837017766,-0.16138818263283244
0.4553032831289555,5.571428571428571,-0.08740550998823607,-0.15183382383879634
0.4553032831289555,5.785714285714286,-0.08318721534688525,-0.14407594940734797
0.4553032831289555,6.0,-0.07827131529111629,-0.13624158014512913
0.47048005923325403,3.0,-0.4775561908146946,-0.5426014950088468
0.47048005923325403,3.2142857142857144,-0.3927220995024529,-0.4802823567980046
0.47048005923325403,3.4285714285714284,-0.3198097505406331,-0.41109455339949186
0.47048005923325403,3.642857142857143,-0.2767851698586071,-0.370540964495063
0.47048005923325403,3.857142857142857,-0.23338452362278705,-0.3330141010769787
0.47048005923325403,4.071428571428571,-0.19287219715675,-0.2923103584305184
0.47048005923325403,4.285714285714286,-0.17171837950880187,-0.26413151723983197
0.47048005923325403,4.5,-0.16262460422187638,-0.24555675254684564
0.47048005923325403,4.714285714285714,-0.14751593327807563,-0.22628939582628713
0.47048005923325403,4.928571428571429,-0.12878360529825103,-0.2045961672252856
0.47048005923325403,5.142857142857142,-0.11263258963399866,-0.18495211236345852
0.47048005923325403,5.357142857142858,-0.09935176212439598,-0.17039470823320604
0.47048005923325403,5.571428571428571,-0.09570119138745915,-0.16024918802731503
0.47048005923325403,5.785714285714286,-0.08861952710640923,-0.15202268482180847
0.47048005923325403,6.0,-0.08327240069648185,-0.14371418614634673
0.48565683533755255,3.0,-0.4983603285300732,-0.5753638664737638
0.48565683533755255,3.2142857142857144,-0.4208863030906255,-0.5090857838098052
0.48565683533755255,3.4285714285714284,-0.342494676160877,-0.4354341630982527
0.48565683533755255,3.642857142857143,-0.2961977500798162,-0.39232881865562585
0.48565683533755255,3.857142857142857,-0.24862355426797703,-0.352454750265105
0.48565683533755255,4.071428571428571,-0.20714656657705313,-0.30917692387406925
0.48565683533755255,4.285714285714286,-0.18384933088961988,-0.27924255545874827
0.48565683533755255,4.5,-0.17357649159662727,-0.2595314780811245
0.48565683533755255,4.714285714285714,-0.15728069647642104,-0.23907190920808746
0.48565683533755255,4.928571428571429,-0.13712378919279208,-0.2160132906163431
0.48565683533755255,5.142857142857142,-0.1198280782641272,-0.19513146110042043
0.48565683533755255,5.357142857142858,-0.1089298839644971,-0.17967067082368737
0.48565683533755255,5.571428571428571,-0.10176519439784645,-0.16891527447015026
0.48565683533755255,5.785714285714286,-0.09422962539671755,-0.1602054926310715
0.48565683533755255,6.0,-0.08901677072324925,-0.15140807086050065
0.500833611441851,3.0,-0.5387857003937421,-0.609131061960494
0.500833611441851,3.2142857142857144,-0.4479874329281824,-0.5387702551985293
0.500833611441851,3.4285714285714284,-0.3602810075559973,-0.4605116637614323
0.500833611441851,3.642857142857143,-0.3140704132121932,-0.41477539644747496
0.500833611441851,3.857142857142857,-0.2670552410847728,-0.3724820282825283
0.500833611441851,4.071428571428571,-0.221757189993298,-0.32654891330743546
0.500833611441851,4.285714285714286,-0.1962984978301634,-0.2948049421799924
0.500833611441851,4.5,-0.18538587755164584,-0.2739229545311345
0.500833611441851,4.714285714285714,-0.16736159716312687,-0.25223482607308334
0.500833611441851,4.928571428571429,-0.14571988287747367,-0.22776819926760827
0.500833611441851,5.142857142857142,-0.12722979004490637,-0.20560950486603619
0.500833611441851,5.357142857142858,-0.11565217697154695,-0.18921689063291477
0.500833611441851,5.571428571428571,-0.1080140684118886,-0.1778329502657091
0.500833611441851,5.785714285714286,-0.09998894518195878,-0.16862527883292902
0.500833611441851,6.0,-0.09445879609189552,-0.15932417744313998
0.5160103875461496,3.0,-0.5720319296239229,-0.6439044053113624
0.5160103875461496,3.2142857142857144,-0.4760960203921051,-0.5693368129930726
0.5160103875461496,3.4285714285714284,-0.38115108563823497,-0.48632774869350986
0.5160103875461496,3.642857142857143,-0.3370278565053749,-0.4378813453429969
0.5160103875461496,3.857142857142857,-0.28499665067329666,-0.39309660746100344
0.5160103875461496,4.071428571428571,-0.236554094413293,-0.34442685811449797
0.5160103875461496,4.285714285714286,-0.20946669500070125,-0.3108192423405001
0.5160103875461496,4.5,-0.19687727280121547,-0.2887317579869351
0.5160103875461496,4.714285714285714,-0.17782414477557826,-0.26577878293655705
0.5160103875461496,4.928571428571429,-0.1546190345271757,-0.239861568328158
0.5160103875461496,5.142857142857142,-0.13488253962480218,-0.21638692985042693
0.5160103875461496,5.357142857142858,-0.12255806354817925,-0.1990340632159099
0.5160103875461496,5.571428571428571,-0.11501400627894773,-0.18700295871268255
0.5160103875461496,5.785714285714286,-0.10855756506810324,-0.17728282707266224
0.5160103875461496,6.0,-0.10007809266529802,-0.16746332725327254
0.5311871636504482,3.0,-0.6008618165128418,-0.679685343325267
0.5311871636504482,3.2142857142857144,-0.5018974555206385,-0.6007865329825084
0.5311871636504482,3.4285714285714284,-0.3981065790273563,-0.5128831184490449
0.5311871636504482,3.642857142857143,-0.3578519614832563,-0.46164729869645255
0.5311871636504482,3.857142857142857,-0.3028207624764907,-0.41429913084851977
0.5311871636504482,4.071428571428571,-0.2515001501017423,-0.3628112401790924
0.5311871636504482,4.285714285714286,-0.22272028193747798,-0.3272859544892147
0.5311871636504482,4.5,-0.20882181663909896,-0.30395838448698703
0.5311871636504482,4.714285714285714,-0.18866675498214197,-0.27970432689728014
0.5311871636504482,4.928571428571429,-0.16377908834573388,-0.2522939746638896
0.5311871636504482,5.142857142857142,-0.14274570193134764,-0.22746431766772796
0.5311871636504482,5.357142857142858,-0.12969072131554474,-0.20912277630022597
0.5311871636504482,5.571428571428571,-0.12167570986414009,-0.19642593485076576
0.5311871636504482,5.785714285714286,-0.11470172419993298,-0.18617881220210353
0.5311871636504482,6.0,-0.10814787853727717,-0.17582623366807357
0.5463639397547466,3.0,-0.6327796698804551,-0.7164754648640757
0.5463639397547466,3.2142857142857144,-0.535561410139758,-0.6331205864217305
0.5463639397547466,3.4285714285714284,-0.4230743300055755,-0.5401785080847641
0.5463639397547466,3.642857142857143,-0.3688262298681023,-0.4860738980441913
0.5463639397547466,3.857142857142857,-0.3214036861150251,-0.4360902294292726
0.5463639397547466,4.071428571428571,-0.26722439333510517,-0.38170249919485016
0.5463639397547466,4.285714285714286,-0.23579438658772423,-0.3442055283379131
0.5463639397547466,4.5,-0.22196641814130097,-0.31960326398847544
0.5463639397547466,4.714285714285714,-0.19987066488954883,-0.2940119275041787
0.5463639397547466,4.928571428571429,-0.17322143268834106,-0.2650659087165175
0.5463639397547466,5.142857142857142,-0.1508331718387889,-0.23884215629082503
0.5463639397547466,5.357142857142858,-0.13701562336920461,-0.2194835208599541
0.5463639397547466,5.571428571428571,-0.12850940320100082,-0.20610241619677427
0.5463639397547466,5.785714285714286,-0.12112975246262858,-0.19531381128612194
0.5463639397547466,6.0,-0.1141906083783697,-0.18441351184188695
0.5615407158590451,3.0,-0.6687436086929752,-0.7542765432802631
0.5615407158590451,3.2142857142857144,-0.5746564567230572,-0.6663402589297954
0.5615407158590451,3.4285714285714284,-0.4489803144352538,-0.5682147133640705
0.5615407158590451,3.642857142857143,-0.39416414871509015,-0.5111618311536169
0.5615407158590451,3.857142857142857,-0.3366850996812595,-0.458470545064284
0.5615407158590451,4.071428571428571,-0.284301689727099,-0.4011010601746203
0.5615407158590451,4.285714285714286,-0.24979811071532876,-0.36157837322785674
0.5615407158590451,4.5,-0.23561816399114846,-0.33566677559626856
0.5615407158590451,4.714285714285714,-0.2106200367226754,-0.3087019911710363
0.5615407158590451,4.928571428571429,-0.18295154255395352,-0.2781777867238005
0.5615407158590451,5.142857142857142,-0.159178744143988,-0.25052085301708676
0.5615407158590451,5.357142857142858,-0.14454305335978482,-0.23011670157238767
0.5615407158590451,5.571428571428571,-0.13554645947568525,-0.2160328536186237
0.5615407158590451,5.785714285714286,-0.1278293876599648,-0.20468831394696965
0.5615407158590451,6.0,-0.12039669662466408,-0.19322568904633902
0.5767174919633437,3.0,-0.6989157266898324,-0.7930905569271895
0.5767174919633437,3.2142857142857144,-0.5977774723886035,-0.7004469367062546
0.5767174919633437,3.4285714285714284,-0.46692127713851367,-0.596992587950297
0.5767174919633437,3.642857142857143,-0.4140869084857118,-0.536911810627462
0.5767174919633437,3.857142857142857,-0.35753092245442974,-0.4814407470236814
0.5767174919633437,4.071428571428571,-0.30009198972301193,-0.4210073385663477
0.5767174919633437,4.285714285714286,-0.26461959415666286,-0.3794048785602761
0.5767174919633437,4.5,-0.24957076842740297,-0.352149255310165
0.5767174919633437,4.714285714285714,-0.2226107321707301,-0.3237748736395535
0.5767174919633437,4.928571428571429,-0.1919869508823387,-0.2916299630668191
0.5767174919633437,5.142857142857142,-0.1677432574371363,-0.2625007439645617
0.5767174919633437,5.357142857142858,-0.15229409990144663,-0.24102264786778846
0.5767174919633437,5.571428571428571,-0.1427676779278212,-0.22621762231227796
0.5767174919633437,5.785714285714286,-0.13460482802026108,-0.21430273206631198
0.5767174919633437,6.0,-0.12674802365296328,-0.20226321415816575
0.5918942680676422,3.0,-0.7369216882980628,-0.8329197444599726
0.5918942680676422,3.2142857142857144,-0.627484267477023,-0.7354421816325725
0.5918942680676422,3.4285714285714284,-0.494883314980084,-0.6265130855684062
0.5918942680676422,3.642857142857143,-0.43729113077725384,-0.563324618932466
0.5918942680676422,3.857142857142857,-0.37676176737470485,-0.5050015318088384
0.5918942680676422,4.071428571428571,-0.3167738700083298,-0.44142175650171406
0.5918942680676422,4.285714285714286,-0.2798711469302638,-0.3976854197795297
0.5918942680676422,4.5,-0.26415931019325506,-0.3690510089379249
0.5918942680676422,4.714285714285714,-0.2350585346032413,-0.33923088555485487
0.5918942680676422,4.928571428571429,-0.20221429727950122,-0.30542273714406465
0.5918942680676422,5.142857142857142,-0.17595698793047146,-0.2747821018707061
0.5918942680676422,5.357142857142858,-0.16024512409354216,-0.25220162196776974
0.5918942680676422,5.571428571428571,-0.15016712452840666,-0.2366570269430365
0.5918942680676422,5.785714285714286,-0.1415395353382885,-0.22415740703522297
0.5918942680676422,6.0,-0.13328296070024362,-0.21152646392623625
0.6070710441719407,3.0,-0.7860652425110255,-0.8737666057062167
0.6070710441719407,3.2142857142857144,-0.66060075305919,-0.7713277294131193
0.6070710441719407,3.4285714285714284,-0.5211262953817091,-0.6567772769896203
0.6070710441719407,3.642857142857143,-0.45888263014175573,-0.5904011441219595
0.6070710441719407,3.857142857142857,-0.396607398752097,-0.5291536600717394
0.6070710441719407,4.071428571428571,-0.3339433576211945,-0.46234475708357103
0.6070710441719407,4.285714285714286,-0.2955467453667906,-0.4164203673253209
0.6070710441719407,4.5,-0.2786889031442856,-0.3863723220917796
0.6070710441719407,4.714285714285714,-0.24799565612326852,-0.3550703047422975
0.6070710441719407,4.928571428571429,-0.21278085481997983,-0.31955636081211763
0.6070710441719407,5.142857142857142,-0.18487289866330014,-0.2873651433109417
0.6070710441719407,5.357142857142858,-0.16788547254497713,-0.2636538233587352
0.6070710441719407,5.571428571428571,-0.15777897356462023,-0.24735131147213435
0.6070710441719407,5.785714285714286,-0.14865905828338957,-0.23425261704481629
0.6070710441719407,6.0,-0.13996933684815152,-0.2210157506847841
0.6222478202762391,3.0,-0.814216006307221,-0.9156338983942001
0.6222478202762391,3.2142857142857144,-0.6888402527871781,-0.8081055015020121
0.6222478202762391,3.4285714285714284,-0.5409258333012223,-0.687786338422649
0.6222478202762391,3.642857142857143,-0.4853652338124439,-0.6181423438109518
0.6222478202762391,3.857142857142857,-0.4148083084977161,-0.55389796085755
0.6222478202762391,4.071428571428571,-0.35286983077201356,-0.4837768136868692
0.6222478202762391,4.285714285714286,-0.31194180678810074,-0.43561010036347253
0.6222478202762391,4.5,-0.29005442098255735,-0.4041134621343731
0.6222478202762391,4.714285714285714,-0.261431960064857,-0.37129338560615316
0.6222478202762391,4.928571428571429,-0.22366167244407434,-0.33403104760605645
0.6222478202762391,5.142857142857142,-0.19409880912278912,-0.30025003583188087
0.6222478202762391,5.357142857142858,-0.17651579916701018,-0.2753793984688443
0.6222478202762391,5.571428571428571,-0.1655751613317416,-0.25830066283382985
0.6222478202762391,5.785714285714286,-0.15595216986503738,-0.24458858314841453
0.6222478202762391,6.0,-0.14680202328265776,-0.23073132811583363
0.6374245963805377,3.0,-0.8665829841292828,-0.9585247686545438
0.6374245963805377,3.2142857142857144,-0.712090203566506,-0.8457776472432728
0.6374245963805377,3.4285714285714284,-0.5646918724274641,-0.7195416091677121
0.6374245963805377,3.642857142857143,-0.5135790583411624,-0.6465492925785992
0.6374245963805377,3.857142857142857,-0.4350992904413569,-0.5792353411411064
0.6374245963805377,4.071428571428571,-0.36944044759355094,-0.505718444722358
0.6374245963805377,4.285714285714286,-0.3265260504607367,-0.45525501602089874
0.6374245963805377,4.5,-0.31144702361222104,-0.4222746950246723
0.6374245963805377,4.714285714285714,-0.27549393750313866,-0.3879003605412675
0.6374245963805377,4.928571428571429,-0.23478186104622772,-0.34884697992831626
0.6374245963805377,5.142857142857142,-0.20355191693306673,-0.31343690468799956
0.6374245963805377,5.357142857142858,-0.18505677786282426,-0.2873784452735793
0.6374245963805377,5.571428571428571,-0.17308579269131524,-0.2695052198631384
0.6374245963805377,5.785714285714286,-0.1631065873107724,-0.2551654738776917
0.6374245963805377,6.0,-0.15390284823383327,-0.2406733955847964
0.6526013724848363,3.0,-0.9088566901065547,-1.0024427769235271
0.6526013724848363,3.2142857142857144,-0.7455028668340093,-0.8843465816519542
0.6526013724848363,3.4285714285714284,-0.5939195090607822,-0.7520446105765602
0.6526013724848363,3.642857142857143,-0.5362874583495589,-0.6756232235721075
0.6526013724848363,3.857142857142857,-0.456461320861276,-0.605166813234448
0.6526013724848363,4.071428571428571,-0.38612859574627795,-0.5281702218290083
0.6526013724848363,4.285714285714286,-0.34358607463230706,-0.4753555300607255
0.6526013724848363,4.5,-0.32269797532610395,-0.4408562901483132
0.6526013724848363,4.714285714285714,-0.2851129916869203,-0.40489145441654345
0.6526013724848363,4.928571428571429,-0.24625857456883465,-0.3640043113309029
0.6526013724848363,5.142857142857142,-0.2132168894161132,-0.32692583759979477
0.6526013724848363,5.357142857142858,-0.19385329591632228,-0.2996510171437745
0.6526013724848363,5.571428571428571,-0.18117135911098362,-0.280965075084339
0.6526013724848363,5.785714285714286,-0.170712642096018,-0.2659834117806892
0.6526013724848363,6.0,-0.16104093447084378,-0.25084210388643996
0.6677781485891348,3.0,-0.9424530240819511,-1.0473919068318593
0.6677781485891348,3.2142857142857144,-0.7877372910214174,-0.9238150334453537
0.6677781485891348,3.4285714285714284,-0.6337158903829654,-0.7852970442229986
0.6677781485891348,3.642857142857143,-0.561114608027085,-0.7053655073048138
0.6677781485891348,3.857142857142857,-0.4752958273953939,-0.6316934961360264
0.6677781485891348,4.071428571428571,-0.403666981941474,-0.5511327841731131
0.6677781485891348,4.285714285714286,-0.36059544051551107,-0.4959120929294181
0.6677781485891348,4.5,-0.33898658413333754,-0.459858513587433
0.6677781485891348,4.714285714285714,-0.29927120705806565,-0.42226688309629856
0.6677781485891348,4.928571428571429,-0.25809407641416726,-0.3795031737927726
0.6677781485891348,5.142857142857142,-0.2231007074092749,-0.3407168859963536
0.6677781485891348,5.357142857142858,-0.2028387268502152,-0.31219712859336857
0.6677781485891348,5.571428571428571,-0.18950256055961015,-0.2926802807236826
0.6677781485891348,5.785714285714286,-0.1784843948620101,-0.27704247601786275
0.6677781485891348,6.0,-0.16834415109803316,-0.2612375595215316
0.6829549246934332,3.0,-0.97498539545764,-1.0933766062738466
0.6829549246934332,3.2142857142857144,-0.8162904391175952,-0.9641860275204821
0.6829549246934332,3.4285714285714284,-0.6573982279194992,-0.8193008336903254
0.6829549246934332,3.642857142857143,-0.5875611447808695,-0.7357776926700288
0.6829549246934332,3.857142857142857,-0.4983201352935779,-0.6588166457914892
0.6829549246934332,4.071428571428571,-0.42273993496288625,-0.5746068492866084
0.6829549246934332,4.285714285714286,-0.3785104652032665,-0.5169251976532857
0.6829549246934332,4.5,-0.3558964395784703,-0.4792816506690292
0.6829549246934332,4.714285714285714,-0.3138555649647259,-0.4400268588227236
0.6829549246934332,4.928571428571429,-0.2702547905890222,-0.3953436793415572
0.6829549246934332,5.142857142857142,-0.2331630836217023,-0.354810069472702
0.6829549246934332,5.357142857142858,-0.21201181435781669,-0.32501675462325613
0.6829549246934332,5.571428571428571,-0.1980548715465935,-0.30465085080592746
0.6829549246934332,5.785714285714286,-0.18644291483444045,-0.28834270638612475
0.6829549246934332,6.0,-0.17580426217448206,-0.2718598266765234
0.6981317007977318,3.0,-1.048021972134718,-1.140401895299434
0.6981317007977318,3.2142857142857144,-0.8569969190543976,-1.005463015539761
0.6981317007977318,3.4285714285714284,-0.6895370108103349,-0.8540582017145442
0.6981317007977318,3.642857142857143,-0.617458005610845,-0.7668615677061396
0.6981317007977318,3.857142857142857,-0.5228058306376366,-0.6865376915683735
0.6981317007977318,4.071428571428571,-0.4380308058916089,-0.5985932369026925
0.6981317007977318,4.285714285714286,-0.3944839699256626,-0.5383953846860873
0.6981317007977318,4.5,-0.3737441230263436,-0.49912600390859185
0.6981317007977318,4.714285714285714,-0.329095098939762,-0.4581716019349741
0.6981317007977318,4.928571428571429,-0.282699826173433,-0.4115259286431072
0.6981317007977318,5.142857142857142,-0.24350679715379372,-0.369205382627953
0.6981317007977318,5.357142857142858,-0.22135303137118256,-0.3381098379278244
0.6981317007977318,5.571428571428571,-0.2067708457584616,-0.31687676397028514
0.6981317007977318,5.785714285714286,-0.19401829204585422,-0.29988410586804787
0.6981317007977318,6.0,-0.18349416918243924,-0.2827089302761805
0.7133084769020304,3.0,-1.0803484498063822,-1.188473425019521
0.7133084769020304,3.2142857142857144,-0.8910572022976005,-1.0476498318958118
0.7133084769020304,3.4285714285714284,-0.7101325052338672,-0.8895716599517037
0.7133084769020304,3.642857142857143,-0.6430654079460528,-0.798619151256694
0.7133084769020304,3.857142857142857,-0.5440382117916306,-0.7148582324548618
0.7133084769020304,4.071428571428571,-0.46003673568808795,-0.6230928724140853
0.7133084769020304,4.285714285714286,-0.411372223511981,-0.5603232488326514
0.7133084769020304,4.5,-0.39142606171017047,-0.519391902690791
0.7133084769020304,4.714285714285714,-0.34415287668555805,-0.4767013432493461
0.7133084769020304,4.928571428571429,-0.2947546244543645,-0.4280500115032362
0.7133084769020304,5.142857142857142,-0.25415318135150183,-0.3839027963099044
0.7133084769020304,5.357142857142858,-0.23093606089886798,-0.3514762922157808
0.7133084769020304,5.571428571428571,-0.21564788344240932,-0.32935796932344247
0.7133084769020304,5.785714285714286,-0.2022626388612377,-0.3116666445194068
0.7133084769020304,6.0,-0.19128699272264113,-0.29378486001863424
0.7284852530063288,3.0,-1.1058050982326169,-1.2375974010393542
0.7284852530063288,3.2142857142857144,-0.9405944706041101,-1.0907507248675323
0.7284852530063288,3.4285714285714284,-0.745043396490253,-0.9258439663421204
0.7284852530063288,3.642857142857143,-0.6658367086514605,-0.8310526546850914
0.7284852530063288,3.857142857142857,-0.5623376669120695,-0.7437800338979612
0.7284852530063288,4.071428571428571,-0.4827246421572796,-0.6481068030389724
0.7284852530063288,4.285714285714286,-0.4302372457847854,-0.5827094533993091
0.7284852530063288,4.5,-0.4094530855492012,-0.5400796992254666
0.7284852530063288,4.714285714285714,-0.3590467440718902,-0.4956163246732306
0.7284852530063288,4.928571428571429,-0.30689829739605706,-0.4449160122621272
0.7284852530063288,5.142857142857142,-0.2646626834417689,-0.39890225818819597
0.7284852530063288,5.357142857142858,-0.24074903674495637,-0.36511600268531913
0.7284852530063288,5.571428571428571,-0.22479902307185667,-0.3420943873874093
0.7284852530063288,5.785714285714286,-0.2107140441746391,-0.32369026165753906
0.7284852530063288,6.0,-0.1986162658938888,-0.30508757127245434
0.7436620291106273,3.0,-1.1777070690872482,-1.2877776758560537
0.7436620291106273,3.2142857142857144,-0.9672849543967535,-1.1347682194393338
0.7436620291106273,3.4285714285714284,-0.7719441246874152,-0.9628766622135003
0.7436620291106273,3.642857142857143,-0.6985055093111898,-0.8641634241137494
0.7436620291106273,3.857142857142857,-0.589854162149277,-0.7733042067987989
0.7436620291106273,4.071428571428571,-0.5013292712397615,-0.6736355609914346
0.7436620291106273,4.285714285714286,-0.445557823013164,-0.6055542655811899
0.7436620291106273,4.5,-0.42946990242521077,-0.5611894451725103
0.7436620291106273,4.714285714285714,-0.3751048530376573,-0.514916565035632
0.7436620291106273,4.928571428571429,-0.31991660819197437,-0.4621238362740608
0.7436620291106273,5.142857142857142,-0.2757773204335125,-0.41420357698437404
0.7436620291106273,5.357142857142858,-0.25072357758069364,-0.3790287529172159
0.7436620291106273,5.571428571428571,-0.23403814205549422,-0.3550858731742438
0.7436620291106273,5.785714285714286,-0.21934379107611465,-0.33595485226079524
0.7436620291106273,6.0,-0.20648230304504972,-0.3166169834710294
0.7588388052149259,3.0,-1.1811458240327806,-1.3390169076863445
0.7588388052149259,3.2142857142857144,-1.006597271127347,-1.179703857388806
0.7588388052149259,3.4285714285714284,-0.7929146922428367,-1.0006702736528574
0.7588388052149259,3.642857142857143,-0.7233233814577278,-0.8979518515741268
0.7588388052149259,3.857142857142857,-0.6091949727420952,-0.8034309745034667
0.7588388052149259,4.071428571428571,-0.5189079947017545,-0.6996788573492803
0.7588388052149259,4.285714285714286,-0.4646332684959942,-0.6288571798416689
0.7588388052149259,4.5,-0.44885014994198824,-0.5827204664207896
0.7588388052149259,4.714285714285714,-0.3904212926886848,-0.5346013885182502
0.7588388052149259,4.928571428571429,-0.33324073260177867,-0.4796726967195739
0.7588388052149259,5.142857142857142,-0.2869213359127376,-0.42980588518727486
0.7588388052149259,5.357142857142858,-0.2611881341516585,-0.3932137026596419
0.7588388052149259,5.571428571428571,-0.24344352348281093,-0.36833174726904516
0.7588388052149259,5.785714285714286,-0.22810988012499933,-0.34845989016470996
0.7588388052149259,6.0,-0.21470561557488838,-0.32837271405379664
0.7740155813192244,3.0,-1.2650525501428715,-1.3913137896443364
0.7740155813192244,3.2142857142857144,-1.0552159579327782,-1.2255572824119507
0.7740155813192244,3.4285714285714284,-0.8232859169752359,-1.0392246913861445
0.7740155813192244,3.642857142857143,-0.7485509909722678,-0.9324184350540721
0.7740155813192244,3.857142857142857,-0.6266451917029626,-0.8341609258469012
0.7740155813192244,4.071428571428571,-0.5420132321632674,-0.726236704554726
0.7740155813192244,4.285714285714286,-0.4831670344764199,-0.6526178754179331
0.7740155813192244,4.5,-0.4568297305567448,-0.60467219850342
0.7740155813192244,4.714285714285714,-0.40616327487022924,-0.5546701892464861
0.7740155813192244,4.928571428571429,-0.346434888921969,-0.4975618259238069
0.7740155813192244,5.142857142857142,-0.2982552763573901,-0.44570826701900573
0.7740155813192244,5.357142857142858,-0.2715693981168002,-0.40766989424237166
0.7740155813192244,5.571428571428571,-0.2527196538366437,-0.3818311454483426
0.7740155813192244,5.785714285714286,-0.23697473142038422,-0.361204598171328
0.7740155813192244,6.0,-0.22306858005968805,-0.34035408229915287
0.7891923574235229,3.0,-1.3080683792782206,-1.444666199998344
0.7891923574235229,3.2142857142857144,-1.0948811560753369,-1.272325791538983
0.7891923574235229,3.4285714285714284,-0.8605858209749656,-1.0785360242132722
0.7891923574235229,3.642857142857143,-0.7806400108391072,-0.9675601902882295
0.7891923574235229,3.857142857142857,-0.6496163244474471,-0.8654927619909928
0.7891923574235229,4.071428571428571,-0.5601174740761874,-0.7533085681527588
0.7891923574235229,4.285714285714286,-0.49934315481394176,-0.6768359653503458
0.7891923574235229,4.5,-0.47697774514678765,-0.6270440363009466
0.7891923574235229,4.714285714285714,-0.42266401274680265,-0.5751223384620828
0.7891923574235229,4.928571428571429,-0.3546058409021955,-0.515790431007184
0.7891923574235229,5.142857142857142,-0.308492022883363,-0.461909793531301
0.7891923574235229,5.357142857142858,-0.2821112212302233,-0.42239636923320006
0.7891923574235229,5.571428571428571,-0.26250207364546074,-0.3955832171920472
0.7891923574235229,5.785714285714286,-0.24593986657263323,-0.37418822142380836
0.7891923574235229,6.0,-0.23155067699696846,-0.3525604273071768
0.8043691335278214,3.0,-1.3369802517154088,-1.4990719146813112
0.8043691335278214,3.2142857142857144,-1.1391876470872566,-1.3200072469763016
0.8043691335278214,3.4285714285714284,-0.8878743566246609,-1.118601017522722
0.8043691335278214,3.642857142857143,-0.8165199356925386,-1.0033739273032896
0.8043691335278214,3.857142857142857,-0.6833821632723035,-0.8974241675975093
0.8043691335278214,4.071428571428571,-0.5770425907054704,-0.7808930086478933
0.8043691335278214,4.285714285714286,-0.5187487134030547,-0.7015107827582859
0.8043691335278214,4.5,-0.4968665112578702,-0.6498352508157479
0.8043691335278214,4.714285714285714,-0.4386084181480827,-0.595957097426535
0.8043691335278214,4.928571428571429,-0.36811922877854963,-0.5343576183371282
0.8043691335278214,5.142857142857142,-0.3200139309961001,-0.4784094305124434
0.8043691335278214,5.357142857142858,-0.2926145582628919,-0.43739206704143585
0.8043691335278214,5.571428571428571,-0.27241708722769375,-0.40958702684062437
0.8043691335278214,5.785714285714286,-0.2550314981466645,-0.3874099268305618
0.8043691335278214,6.0,-0.24012821540678028,-0.3649910177456001
0.8195459096321199,3.0,-1.3886516489919585,-1.5545264011622348
0.8195459096321199,3.2142857142857144,-1.1571267365205449,-1.3685983128565393
0.8195459096321199,3.4285714285714284,-0.9523844528691123,-1.1594161076400655
0.8195459096321199,3.642857142857143,-0.8503610883985032,-1.039856711419495
0.8195459096321199,3.857142857142857,-0.7021998265348774,-0.9299531349364848
0.8195459096321199,4.071428571428571,-0.6061486895992906,-0.8089886669884074
0.8195459096321199,4.285714285714286,-0.5370303756906968,-0.7266415240796726
0.8195459096321199,4.5,-0.5106598567618177,-0.6730449385230444
0.8195459096321199,4.714285714285714,-0.4545163678757398,-0.6171735828145752
0.8195459096321199,4.928571428571429,-0.3816563286332085,-0.5532623576657418
0.8195459096321199,5.142857142857142,-0.3317793995470441,-0.4952060114948773
0.8195459096321199,5.357142857142858,-0.30364407219812783,-0.4526558029300422
0.8195459096321199,5.571428571428571,-0.2824002311686359,-0.4238415229289795
0.8195459096321199,5.785714285714286,-0.26427369489120256,-0.40086877735335485
0.8195459096321199,6.0,-0.24879505405231744,-0.37764502571996017
0.8347226857364185,3.0,-1.4184665710003774,-1.6110236652754701
0.8347226857364185,3.2142857142857144,-1.2016320562564835,-1.4180941666331117
0.8347226857364185,3.4285714285714284,-0.9628026296541943,-1.2009764731979293
0.8347226857364185,3.642857142857143,-0.8858081650162917,-1.0770046914443043
0.8347226857364185,3.857142857142857,-0.7313395090319791,-0.9630771359369102
0.8347226857364185,4.071428571428571,-0.6256718467891856,-0.8375939310234052
0.8347226857364185,4.285714285714286,-0.5565511369516521,-0.7522271788734806
0.8347226857364185,4.5,-0.5286088898544667,-0.696672001576361
0.8347226857364185,4.714285714285714,-0.4717665884457823,-0.6387707483502274
0.8347226857364185,4.928571428571429,-0.39514621979813225,-0.572503465676759
0.8347226857364185,5.142857142857142,-0.3436701809601641,-0.5122982311775588
0.8347226857364185,5.357142857142858,-0.31464405182066135,-0.46818625485916243
0.8347226857364185,5.571428571428571,-0.28902744487151283,-0.4383455307764706
0.8347226857364185,5.785714285714286,-0.273703340704432,-0.414563721513116
0.8347226857364185,6.0,-0.2575483342200038,-0.39052151622815456
0.849899461840717,3.0,-1.4738347843050903,-1.668556692942645
0.849899461840717,3.2142857142857144,-1.2455108980001084,-1.4684886347190296
0.849899461840717,3.4285714285714284,-0.9966115412810377,-1.243275929191649
0.849899461840717,3.642857142857143,-0.9117498253526735,-1.1148128763424618
0.849899461840717,3.857142857142857,-0.7606126812246434,-0.9967927899504303
0.849899461840717,4.071428571428571,-0.6463748720301413,-0.8667064460199594
0.849899461840717,4.285714285714286,-0.5749859129137899,-0.7782662017295232
0.849899461840717,4.5,-0.5410788182145095,-0.720714961218866
0.849899461840717,4.714285714285714,-0.48914209650775703,-0.6607472875790962
0.849899461840717,4.928571428571429,-0.40943991667272445,-0.5920795726369045
0.849899461840717,5.142857142857142,-0.35612983196661624,-0.5296846214061246
0.849899461840717,5.357142857142858,-0.32077100549107773,-0.48398194640437636
0.849899461840717,5.571428571428571,-0.29927512584418553,-0.45309773976938045
0.849899461840717,5.785714285714286,-0.28321839080575345,-0.4284935805432602
0.849899461840717,6.0,-0.2657933147855961,-0.4036194373306086
0.8650762379450154,3.0,-1.545212763959399,-1.727123939510712
0.8650762379450154,3.2142857142857144,-1.277379383368507,-1.5197749715397406
0.8650762379450154,3.4285714285714284,-1.0416902705886364,-1.2863074038510884
0.8650762379450154,3.642857142857143,-0.9469472689901665,-1.1532752406429796
0.8650762379450154,3.857142857142857,-0.7794782721082186,-1.0310957385996702
0.8650762379450154,4.071428571428571,-0.663930097021851,-0.8963233322783624
0.8650762379450154,4.285714285714286,-0.5932720034070844,-0.8047566752046255
0.8650762379450154,4.5,-0.559609643663976,-0.7451718525091781
0.8650762379450154,4.714285714285714,-0.5064150430125818,-0.6831014433291078
0.8650762379450154,4.928571428571429,-0.4243927682402201,-0.6119889238123065
0.8650762379450154,5.142857142857142,-0.36795099727386077,-0.5473633892805364
0.8650762379450154,5.357142857142858,-0.3317679955449127,-0.5000411553215716
0.8650762379450154,5.571428571428571,-0.30960356015633494,-0.4680966500859124
0.8650762379450154,5.785714285714286,-0.292727220258383,-0.44265702142229435
0.8650762379450154,6.0,-0.2748492408546299,-0.4169376062945475
0.880253014049314,3.0,-1.5876447837449867,-1.786737501693868
0.880253014049314,3.2142857142857144,-1.320315387233348,-1.5719532277236308
0.880253014049314,3.4285714285714284,-1.065985449315868,-1.3300632352919448
0.880253014049314,3.642857142857143,-0.958427345966886,-1.1923851899039823
0.880253014049314,3.857142857142857,-0.8128031776677495,-1.0659810550544433
0.880253014049314,4.071428571428571,-0.6866968650741602,-0.9264410427832623
0.880253014049314,4.285714285714286,-0.6141008509082874,-0.831696310278028
0.880253014049314,4.5,-0.5791914765259022,-0.7700405295463081
0.880253014049314,4.714285714285714,-0.5261133138551557,-0.7058312473207734
0.880253014049314,4.928571428571429,-0.4389071778330669,-0.6322294841618871
0.880253014049314,5.142857142857142,-0.3805541185698377,-0.5653324559371247
0.880253014049314,5.357142857142858,-0.34283990103481377,-0.5163618345417047
0.880253014049314,5.571428571428571,-0.3199959154546615,-0.4833404307510619
0.880253014049314,5.785714285714286,-0.30256614216526745,-0.45705242808614904
0.880253014049314,6.0,-0.2840610693750594,-0.4304746065469142
0.8954297901536126,3.0,-1.6863136222042105,-1.847403766247817
0.8954297901536126,3.2142857142857144,-1.3767141710740172,-1.6250328893055423
0.8954297901536126,3.4285714285714284,-1.1087371551110679,-1.3745455694229842
0.8954297901536126,3.642857142857143,-1.0080914867656805,-1.2321364102745358
0.8954297901536126,3.857142857142857,-0.8301177712098615,-1.1014428070668805
0.8954297901536126,4.071428571428571,-0.711643641902773,-0.9570555432001041
0.8954297901536126,4.285714285714286,-0.6331046755797172,-0.8590823932988292
0.8954297901536126,4.5,-0.6019778011913404,-0.7953184117387959
0.8954297901536126,4.714285714285714,-0.5436759207485231,-0.7289344602683182
0.8954297901536126,4.928571428571429,-0.4539358093702121,-0.6527990427382064
0.8954297901536126,5.142857142857142,-0.39336914622826924,-0.5835895271774338
0.8954297901536126,5.357142857142858,-0.3544160177071607,-0.5329417266851476
0.8954297901536126,5.571428571428571,-0.3306144023235982,-0.49882708103121565
0.8954297901536126,5.785714285714286,-0.31247720422977815,-0.4716779781359995
0.8954297901536126,6.0,-0.2933826550412537,-0.4442287892677199
0.910606566257911,3.0,-1.7342081024744638,-1.9091273612675006
0.910606566257911,3.2142857142857144,-1.4070622941065314,-1.6790185659816732
0.910606566257911,3.4285714285714284,-1.1499655702830316,-1.4197599721834593
0.910606566257911,3.642857142857143,-1.045283449778279,-1.2725338606591612
0.910606566257911,3.857142857142857,-0.8525702630529447,-1.1374789335754762
0.910606566257911,4.071428571428571,-0.7415922513570015,-0.9881621172422047
0.910606566257911,4.285714285714286,-0.6571566857560737,-0.8869115491729181
0.910606566257911,4.5,-0.6235224347142725,-0.8210025605168624
0.910606566257911,4.714285714285714,-0.5601281960152009,-0.7524084866785238
0.910606566257911,4.928571428571429,-0.470602146158579,-0.6736950532423699
0.910606566257911,5.142857142857142,-0.4056061337198776,-0.6021320865189986
0.910606566257911,5.357142857142858,-0.36627944523751976,-0.5497783786295647
0.910606566257911,5.571428571428571,-0.34191623072322713,-0.5145543756384438
0.910606566257911,5.785714285714286,-0.32262453730021834,-0.48653166640725454
0.910606566257911,6.0,-0.302765137690758,-0.4581983676543978
0.9257833423622095,3.0,-1.7154636795404417,-1.9719105894202782
0.9257833423622095,3.2142857142857144,-1.461317969664394,-1.7339121901264223
0.9257833423622095,3.4285714285714284,-1.1794617497686608,-1.4657087857852389
0.9257833423622095,3.642857142857143,-1.0556799261646546,-1.3135805509396457
0.9257833423622095,3.857142857142857,-0.8910338748595065,-1.1740950530525465
0.9257833423622095,4.071428571428571,-0.7578364327999585,-1.0197639743757088
0.9257833423622095,4.285714285714286,-0.6849707426082013,-0.9151824984873138
0.9257833423622095,4.5,-0.6368032392260983,-0.8470895510960805
0.9257833423622095,4.714285714285714,-0.5802861858923333,-0.7762503139930909
0.9257833423622095,4.928571428571429,-0.4847025609375189,-0.6949147021465268
0.9257833423622095,5.142857142857142,-0.41837676995151657,-0.6209573027765004
0.9257833423622095,5.357142857142858,-0.37868111265092,-0.5668690529766061
0.9257833423622095,5.571428571428571,-0.3532852826979684,-0.530519888047171
0.9257833423622095,5.785714285714286,-0.3326519809174141,-0.5016112858038151
0.9257833423622095,6.0,-0.31215810405866573,-0.47238133744225796
0.9409601184665081,3.0,-1.7636361513002192,-2.0357590002417942
0.9409601184665081,3.2142857142857144,-1.5182128505124053,-1.789718916450155
0.9409601184665081,3.4285714285714284,-1.2326491372174422,-1.512393340525299
0.9409601184665081,3.642857142857143,-1.0827914774117926,-1.3552778348984231
0.9409601184665081,3.857142857142857,-0.9102588701427191,-1.2112934349945557
0.9409601184665081,4.071428571428571,-0.7863850219801679,-1.0518655256366933
0.9409601184665081,4.285714285714286,-0.6979646067660816,-0.9439011479225506
0.9409601184665081,4.5,-0.6579138080650925,-0.8735821216539486
0.9409601184665081,4.714285714285714,-0.5999169692196209,-0.8004590128564671
0.9409601184665081,4.928571428571429,-0.5004129396799182,-0.7164552636559497
0.9409601184665081,5.142857142857142,-0.431010327311208,-0.6400620919515896
0.9409601184665081,5.357142857142858,-0.3908903765838019,-0.5842107382234422
0.9409601184665081,5.571428571428571,-0.36504142808632595,-0.5467208991684372
0.9409601184665081,5.785714285714286,-0.3431890199432071,-0.516914387311155
0.9409601184665081,6.0,-0.32169756064614347,-0.4867754994787091
0.9561368945708066,3.0,-1.7762176166283081,-2.1006783417201653
0.9561368945708066,3.2142857142857144,-1.5664413664741763,-1.8464428903421763
0.9561368945708066,3.4285714285714284,-1.2617357963989204,-1.5598172877995862
0.9561368945708066,3.642857142857143,-1.1005596955238526,-1.397628835665152
0.9561368945708066,3.857142857142857,-0.9485407245943676,-1.2490767329236308
0.9561368945708066,4.071428571428571,-0.8113598431466282,-1.0844699122866486
0.9561368945708066,4.285714285714286,-0.7212026921388298,-0.973071453804881
0.9561368945708066,4.5,-0.6771069051040876,-0.900484396735996
0.9561368945708066,4.714285714285714,-0.6176719065285066,-0.825039040476597
0.9561368945708066,4.928571428571429,-0.5168156876373254,-0.7383193982462934
0.9561368945708066,5.142857142857142,-0.4452680003264317,-0.6594464505486111
0.9561368945708066,5.357142857142858,-0.4034879985141225,-0.601801521330153
0.9561368945708066,5.571428571428571,-0.3768516377629598,-0.5631548576406264
0.9561368945708066,5.785714285714286,-0.35355337026789213,-0.532438306096632
0.9561368945708066,6.0,-0.3313773950752638,-0.5013783986453448
0.9713136706751051,3.0,-1.8742147330561256,-2.1666722833665273
0.9713136706751051,3.2142857142857144,-1.6236799180555688,-1.904087930509393
0.9713136706751051,3.4285714285714284,-1.2677803940828665,-1.6079833275708317
0.9713136706751051,3.642857142857143,-1.1595962961996735,-1.4406351556518744
0.9713136706751051,3.857142857142857,-0.9771592646931444,-1.287448029150746
0.9713136706751051,4.071428571428571,-0.8355529428585979,-1.1175809039045603
0.9713136706751051,4.285714285714286,-0.7460599807021474,-1.0026979652728518
0.9713136706751051,4.5,-0.7024788572456042,-0.9278001043849573
0.9713136706751051,4.714285714285714,-0.6403596792123485,-0.8499937020674202
0.9713136706751051,4.928571428571429,-0.5314061525799223,-0.7605101550848193
0.9713136706751051,5.142857142857142,-0.45904238622549054,-0.6791133564100333
0.9713136706751051,5.357142857142858,-0.4165426566598538,-0.6196438035819328
0.9713136706751051,5.571428571428571,-0.3888989531512344,-0.5798231053779952
0.9713136706751051,5.785714285714286,-0.36385125193076523,-0.5481830949971528
0.9713136706751051,6.0,-0.3415787557523125,-0.5161888778354032
0.9864904467794036,3.0,-1.9604409897996744,-2.2337452982996524
0.9864904467794036,3.2142857142857144,-1.6535676788326157,-1.9626570588266725
0.9864904467794036,3.4285714285714284,-1.3513819319560925,-1.6568926074879953
0.9864904467794036,3.642857142857143,-1.1792260405548,-1.4842987238867527
0.9864904467794036,3.857142857142857,-1.0097771454482911,-1.3264090275251101
0.9864904467794036,4.071428571428571,-0.8562285290742994,-1.1512012632440012
0.9864904467794036,4.285714285714286,-0.7668050463930558,-1.0327847459769206
0.9864904467794036,4.5,-0.7298939017754544,-0.9555327745949691
0.9864904467794036,4.714285714285714,-0.6574616351428587,-0.8753263896427387
0.9864904467794036,4.928571428571429,-0.5531067946284937,-0.7830305780274341
0.9864904467794036,5.142857142857142,-0.47197709278992833,-0.699065195149783
0.9864904467794036,5.357142857142858,-0.4292576720831792,-0.637739534538461
0.9864904467794036,5.571428571428571,-0.4005103245606834,-0.5967276374777485
0.9864904467794036,5.785714285714286,-0.3745857169553658,-0.5641507093131914
0.9864904467794036,6.0,-0.3510397730076624,-0.5312088682323611
1.001667222883702,3.0,-2.1411103398121223,-2.3018988918170207
1.001667222883702,3.2142857142857144,-1.7159236404526776,-2.022153676661952
1.001667222883702,3.4285714285714284,-1.3625677781091001,-1.706547056836782
1.001667222883702,3.642857142857143,-1.2184730363588852,-1.528620330773678
1.001667222883702,3.857142857142857,-1.0246685396993909,-1.365961195630876
1.001667222883702,4.071428571428571,-0.8968825402513364,-1.1853335511365226
1.001667222883702,4.285714285714286,-0.7944403057089194,-1.0633355582194617
1.001667222883702,4.5,-0.7486595411004986,-0.9836853824813062
1.001667222883702,4.714285714285714,-0.6787700506290405,-0.9010399918327439
1.001667222883702,4.928571428571429,-0.5642263702123325,-0.805883003743321
1.001667222883702,5.142857142857142,-0.4858213501123592,-0.7193038709105861
1.001667222883702,5.357142857142858,-0.4429127755082369,-0.6560903997356196
1.001667222883702,5.571428571428571,-0.4125207522856604,-0.6138700798094077
1.001667222883702,5.785714285714286,-0.38511921473383576,-0.5803427091632668
1.001667222883702,6.0,-0.3611464164854514,-0.5464397360543433
1.0168439989880007,3.0,-2.15407340999217,-2.3711393014788267
1.0168439989880007,3.2142857142857144,-1.742014206304087,-2.0825794263316797
1.0168439989880007,3.4285714285714284,-1.3877169038816082,-1.75694760790096
1.0168439989880007,3.642857142857143,-1.2324145464801064,-1.5736008959956787
1.0168439989880007,3.857142857142857,-1.0744376656295378,-1.406105704287689
1.0168439989880007,4.071428571428571,-0.90363454081402,-1.219980000640003
1.0168439989880007,4.285714285714286,-0.8147963256081139,-1.094353754296885
1.0168439989880007,4.5,-0.7744317138382903,-1.012260819394442
1.0168439989880007,4.714285714285714,-0.6992972302937077,-0.9271371651556902
1.0168439989880007,4.928571428571429,-0.5829208283354379,-0.8290695841047494
1.0168439989880007,5.142857142857142,-0.49929443323577566,-0.7398309894409708
1.0168439989880007,5.357142857142858,-0.45570982286764367,-0.6746974506491901
1.0168439989880007,5.571428571428571,-0.42531648762047414,-0.6312515059925619
1.0168439989880007,5.785714285714286,-0.3965779234559853,-0.5967600649316344
1.0168439989880007,6.0,-0.371400708201489,-0.5618824317911353
1.0320207750922992,3.0,-2.2557425117493652,-2.441469901704226
1.0320207750922992,3.2142857142857144,-1.8496383543840533,-2.143938746840107
1.0320207750922992,3.4285714285714284,-1.4411188791970866,-1.8080962890218257
1.0320207750922992,3.642857142857143,-1.3003527823263321,-1.6192414889586406
1.0320207750922992,3.857142857142857,-1.0833408941698794,-1.4468437363917448
1.0320207750922992,4.071428571428571,-0.9465474254292008,-1.2551424769628519
1.0320207750922992,4.285714285714286,-0.834867355942973,-1.1258430691528714
1.0320207750922992,4.5,-0.7894926387005876,-1.0412620603813694
1.0320207750922992,4.714285714285714,-0.7246297636891436,-0.9536205891769235
1.0320207750922992,4.928571428571429,-0.5983601893738607,-0.8525924388340235
1.0320207750922992,5.142857142857142,-0.5136104337850474,-0.7606479467147285
1.0320207750922992,5.357142857142858,-0.4700382676073518,-0.6935616471466103
1.0320207750922992,5.571428571428571,-0.4381490695493416,-0.648872728142378
1.0320207750922992,5.785714285714286,-0.4074181727445638,-0.6134034702452128
1.0320207750922992,6.0,-0.3816107859767082,-0.5775375734269239
1.0471975511965976,3.0,-2.2229767486878007,-2.512893015039399
1.0471975511965976,3.2142857142857144,-1.8983494249620612,-2.2062340754182665
1.0471975511965976,3.4285714285714284,-1.4844533924764671,-1.8599939519142403
1.0471975511965976,3.642857142857143,-1.3207527174192486,-1.6655420300531238
1.0471975511965976,3.857142857142857,-1.1245715933120413,-1.4881762913593055
1.0471975511965976,4.071428571428571,-0.955769816108092,-1.2908229885908569
1.0471975511965976,4.285714285714286,-0.8567424697846407,-1.1578071294174468
1.0471975511965976,4.5,-0.8067554824873299,-1.0706918300803419
1.0471975511965976,4.714285714285714,-0.7500730653960881,-0.9804928799360595
1.0471975511965976,4.928571428571429,-0.6153381424804875,-0.8764536172463929
1.0471975511965976,5.142857142857142,-0.5294036992377265,-0.7817561558738653
1.0471975511965976,5.357142857142858,-0.48399527911551005,-0.7126838439143396
1.0471975511965976,5.571428571428571,-0.45142422490476375,-0.6667344421008847
1.0471975511965976,5.785714285714286,-0.41840677884101646,-0.6302735087814131
1.0471975511965976,6.0,-0.391670855868628,-0.5934056074945563
